dataset_variant,model_family,selected_configuration,pr_auc,roc_auc,brier,selection_reason
CORE_COMMON,DLNN,DLNN_32_16_drop0.0,0.3988,0.7269,0.1583,Rank 1 by hierarchy: PR-AUC=0.3988 (primary)
CORE_COMMON,GAM,GAM_splines10_lam10.0,0.4014,0.7302,0.1579,Rank 1 by hierarchy: PR-AUC=0.4014 (primary)
CORE_COMMON,Logistic_Regression,L2_C0.01,0.3988,0.7303,0.1588,Rank 1 by hierarchy: PR-AUC=0.3988 (primary)
CORE_FULL,DLNN,DLNN_32_16_drop0.2,0.3984,0.7274,0.158,Rank 1 by hierarchy: PR-AUC=0.3984 (primary)
CORE_FULL,GAM,GAM_splines10_lam1.0,0.3971,0.7269,0.1587,Rank 1 by hierarchy: PR-AUC=0.3971 (primary)
CORE_FULL,Logistic_Regression,L2_C0.01,0.3961,0.7286,0.1593,Rank 1 by hierarchy: PR-AUC=0.3961 (primary)
EXPANDED_COMMON,DLNN,DLNN_16_8_drop0.0,0.4115,0.7306,0.1577,Rank 1 by hierarchy: PR-AUC=0.4115 (primary)
EXPANDED_COMMON,GAM,GAM_splines10_lam10.0,0.4207,0.7382,0.1561,Rank 1 by hierarchy: PR-AUC=0.4207 (primary)
EXPANDED_COMMON,Logistic_Regression,L2_C0.1,0.4087,0.7345,0.1574,Rank 1 by hierarchy: PR-AUC=0.4087 (primary)
