dataset_variant,model_family,selected_configuration,target_sensitivity_floor,operating_threshold,achieved_sensitivity,achieved_specificity,ppv,npv,f1,referred_percent,not_referred_percent,dysglycemia_captured_percent,dysglycemia_missed_percent,hba1c_tests_per_case_detected
CORE_COMMON,DLNN,DLNN_32_16_drop0.0,0.8,0.2028,0.8019,0.5328,0.3403,0.8995,0.4779,54.46,45.54,80.19,19.81,2.94
CORE_COMMON,DLNN,DLNN_32_16_drop0.0,0.85,0.1708,0.8501,0.4748,0.3273,0.9133,0.4726,60.02,39.98,85.01,14.99,3.06
CORE_COMMON,DLNN,DLNN_32_16_drop0.0,0.9,0.1329,0.9009,0.4024,0.3119,0.9311,0.4633,66.77,33.23,90.09,9.91,3.21
CORE_COMMON,DLNN,DLNN_32_16_drop0.0,0.95,0.0799,0.9505,0.262,0.2791,0.9462,0.4315,78.71,21.29,95.05,4.95,3.58
CORE_COMMON,GAM,GAM_splines10_lam10.0,0.8,0.1968,0.8005,0.534,0.3405,0.8991,0.4778,54.33,45.67,80.05,19.95,2.94
CORE_COMMON,GAM,GAM_splines10_lam10.0,0.85,0.1738,0.8527,0.4861,0.3328,0.9165,0.4788,59.22,40.78,85.27,14.73,3.0
CORE_COMMON,GAM,GAM_splines10_lam10.0,0.9,0.1429,0.9009,0.4254,0.3203,0.9346,0.4726,65.01,34.99,90.09,9.91,3.12
CORE_COMMON,GAM,GAM_splines10_lam10.0,0.95,0.0849,0.9505,0.26,0.2785,0.9458,0.4308,78.87,21.13,95.05,4.95,3.59
CORE_COMMON,Logistic_Regression,L2_C0.01,0.8,0.2038,0.8005,0.5429,0.3449,0.9005,0.4821,53.65,46.35,80.05,19.95,2.9
CORE_COMMON,Logistic_Regression,L2_C0.01,0.85,0.1828,0.8527,0.4833,0.3316,0.9161,0.4775,59.44,40.56,85.27,14.73,3.02
CORE_COMMON,Logistic_Regression,L2_C0.01,0.9,0.1638,0.9023,0.4298,0.3223,0.936,0.475,64.7,35.3,90.23,9.77,3.1
CORE_COMMON,Logistic_Regression,L2_C0.01,0.95,0.1219,0.9518,0.2696,0.2815,0.949,0.4345,78.16,21.84,95.18,4.82,3.55
CORE_FULL,DLNN,DLNN_32_16_drop0.2,0.8,0.2158,0.8003,0.539,0.3431,0.8997,0.4803,53.95,46.05,80.03,19.97,2.91
CORE_FULL,DLNN,DLNN_32_16_drop0.2,0.85,0.1808,0.8505,0.4715,0.3262,0.9129,0.4716,60.3,39.7,85.05,14.95,3.07
CORE_FULL,DLNN,DLNN_32_16_drop0.2,0.9,0.1489,0.9008,0.4122,0.3156,0.9325,0.4674,66.02,33.98,90.08,9.92,3.17
CORE_FULL,DLNN,DLNN_32_16_drop0.2,0.95,0.0879,0.951,0.252,0.2767,0.9448,0.4287,79.49,20.51,95.1,4.9,3.61
CORE_FULL,GAM,GAM_splines10_lam1.0,0.8,0.1938,0.8003,0.5301,0.3388,0.8982,0.476,54.63,45.37,80.03,19.97,2.95
CORE_FULL,GAM,GAM_splines10_lam1.0,0.85,0.1738,0.8505,0.4855,0.3322,0.9152,0.4777,59.23,40.77,85.05,14.95,3.01
CORE_FULL,GAM,GAM_splines10_lam1.0,0.9,0.1429,0.9008,0.4211,0.3189,0.9338,0.471,65.34,34.66,90.08,9.92,3.14
CORE_FULL,GAM,GAM_splines10_lam1.0,0.95,0.0849,0.951,0.2551,0.2775,0.9454,0.4297,79.25,20.75,95.1,4.9,3.6
CORE_FULL,Logistic_Regression,L2_C0.01,0.8,0.2028,0.8028,0.5405,0.3446,0.9011,0.4822,53.89,46.11,80.28,19.72,2.9
CORE_FULL,Logistic_Regression,L2_C0.01,0.85,0.1818,0.8518,0.48,0.3302,0.915,0.4759,59.67,40.33,85.18,14.82,3.03
CORE_FULL,Logistic_Regression,L2_C0.01,0.9,0.1638,0.9008,0.4257,0.3206,0.9345,0.4729,64.98,35.02,90.08,9.92,3.12
CORE_FULL,Logistic_Regression,L2_C0.01,0.95,0.1219,0.951,0.266,0.2805,0.9475,0.4332,78.42,21.58,95.1,4.9,3.57
EXPANDED_COMMON,DLNN,DLNN_16_8_drop0.0,0.8,0.2068,0.8005,0.5469,0.3469,0.9012,0.484,53.34,46.66,80.05,19.95,2.88
EXPANDED_COMMON,DLNN,DLNN_16_8_drop0.0,0.85,0.1758,0.8501,0.4942,0.3356,0.9164,0.4812,58.54,41.46,85.01,14.99,2.98
EXPANDED_COMMON,DLNN,DLNN_16_8_drop0.0,0.9,0.1419,0.9009,0.4193,0.3181,0.9337,0.4701,65.47,34.53,90.09,9.91,3.14
EXPANDED_COMMON,DLNN,DLNN_16_8_drop0.0,0.95,0.0849,0.9505,0.2845,0.2854,0.9503,0.4389,76.98,23.02,95.05,4.95,3.5
EXPANDED_COMMON,GAM,GAM_splines10_lam10.0,0.8,0.1918,0.8005,0.5461,0.3465,0.9011,0.4836,53.4,46.6,80.05,19.95,2.89
EXPANDED_COMMON,GAM,GAM_splines10_lam10.0,0.85,0.1668,0.8501,0.4865,0.3323,0.9152,0.4778,59.13,40.87,85.01,14.99,3.01
EXPANDED_COMMON,GAM,GAM_splines10_lam10.0,0.9,0.1389,0.9023,0.4225,0.3196,0.935,0.472,65.25,34.75,90.23,9.77,3.13
EXPANDED_COMMON,GAM,GAM_splines10_lam10.0,0.95,0.0909,0.9505,0.2885,0.2865,0.9509,0.4403,76.67,23.33,95.05,4.95,3.49
EXPANDED_COMMON,Logistic_Regression,L2_C0.1,0.8,0.1888,0.8005,0.5449,0.3459,0.9009,0.483,53.5,46.5,80.05,19.95,2.89
EXPANDED_COMMON,Logistic_Regression,L2_C0.1,0.85,0.1648,0.8501,0.4861,0.3321,0.9152,0.4776,59.16,40.84,85.01,14.99,3.01
EXPANDED_COMMON,Logistic_Regression,L2_C0.1,0.9,0.1389,0.9023,0.4165,0.3173,0.9341,0.4695,65.72,34.28,90.23,9.77,3.15
EXPANDED_COMMON,Logistic_Regression,L2_C0.1,0.95,0.1029,0.9505,0.2998,0.2898,0.9527,0.4442,75.8,24.2,95.05,4.95,3.45
