cohort,target,total_n,valid_n,missing_outcome,n_diabetes_range,n_dysglycemia_range,n_normal,n_prediabetes_range,pct_diabetes_range,pct_dysglycemia_range,pct_normal,pct_prediabetes_range
adults_ge18,hba1c_binary,8153,6002,2151,,2311,3691,,,38.5,61.5,
adults_ge18,fpg_binary,8153,3063,5090,,1694,1369,,,55.31,44.69,
adults_ge18,hba1c_cat3,8153,6002,2151,721,,3691,1590,12.01,,61.5,26.49
adults_ge18,fpg_cat3,8153,3063,5090,383,,1369,1311,12.5,,44.69,42.8
adults_no_known_diab,hba1c_binary,7080,5182,1898,,1556,3626,,,30.03,69.97,
adults_no_known_diab,fpg_binary,7080,2654,4426,,1314,1340,,,49.51,50.49,
adults_no_known_diab,hba1c_cat3,7080,5182,1898,152,,3626,1404,2.93,,69.97,27.09
adults_no_known_diab,fpg_cat3,7080,2654,4426,126,,1340,1188,4.75,,50.49,44.76
adults_no_known_diab_core_complete,hba1c_binary,5379,5105,274,,1537,3568,,,30.11,69.89,
adults_no_known_diab_core_complete,fpg_binary,5379,2624,2755,,1296,1328,,,49.39,50.61,
adults_no_known_diab_core_complete,hba1c_cat3,5379,5105,274,150,,3568,1387,2.94,,69.89,27.17
adults_no_known_diab_core_complete,fpg_cat3,5379,2624,2755,125,,1328,1171,4.76,,50.61,44.63
adults_no_known_diab_expanded_complete,hba1c_binary,5197,4944,253,,1491,3453,,,30.16,69.84,
adults_no_known_diab_expanded_complete,fpg_binary,5197,2546,2651,,1264,1282,,,49.65,50.35,
adults_no_known_diab_expanded_complete,hba1c_cat3,5197,4944,253,144,,3453,1347,2.91,,69.84,27.25
adults_no_known_diab_expanded_complete,fpg_cat3,5197,2546,2651,118,,1282,1146,4.63,,50.35,45.01
cohort_e_no_known_dysglycemia,hba1c_binary,5907,4260,1647,,983,3277,,,23.08,76.92,
cohort_e_no_known_dysglycemia,fpg_binary,5907,2167,3740,,956,1211,,,44.12,55.88,
cohort_e_no_known_dysglycemia,hba1c_cat3,5907,4260,1647,67,,3277,916,1.57,,76.92,21.5
cohort_e_no_known_dysglycemia,fpg_cat3,5907,2167,3740,54,,1211,902,2.49,,55.88,41.62
cohort_e_core_complete,hba1c_binary,4441,4194,247,,970,3224,,,23.13,76.87,
cohort_e_core_complete,fpg_binary,4441,2141,2300,,942,1199,,,44.0,56.0,
cohort_e_core_complete,hba1c_cat3,4441,4194,247,66,,3224,904,1.57,,76.87,21.55
cohort_e_core_complete,fpg_cat3,4441,2141,2300,54,,1199,888,2.52,,56.0,41.48
cohort_e_expanded_complete,hba1c_binary,4295,4066,229,,946,3120,,,23.27,76.73,
cohort_e_expanded_complete,fpg_binary,4295,2079,2216,,919,1160,,,44.2,55.8,
cohort_e_expanded_complete,hba1c_cat3,4295,4066,229,66,,3120,880,1.62,,76.73,21.64
cohort_e_expanded_complete,fpg_cat3,4295,2079,2216,51,,1160,868,2.45,,55.8,41.75
