variable,total,missing,missing_pct
RIDAGEYR,11933,0,0.0
RIAGENDR,11933,0,0.0
WTINT2YR,11933,0,0.0
WTMEC2YR,11933,0,0.0
WTPH2YR,11933,4734,39.67
WTSAF2YR,11933,7937,66.51
SDMVSTRA,11933,0,0.0
SDMVPSU,11933,0,0.0
BMXBMI,11933,3462,29.01
BMXWAIST,11933,3743,31.37
BPQ020,11933,3435,28.79
BPQ150,11933,8964,75.12
SMQ020,11933,3798,31.83
SMQ040,11933,8690,72.82
PAD790Q,11933,3798,31.83
PAD800,11933,5543,46.45
PAD810Q,11933,3794,31.79
PAD820,11933,8246,69.1
PAD680,11933,3795,31.8
DIQ010,11933,193,1.62
DIQ160,11933,3911,32.77
DIQ180,11933,3629,30.41
LBXGH,11933,5218,43.73
LBXGLU,11933,8261,69.23
