filename,row_count,column_count,target_positive_n,target_negative_n,SHA256,creation_timestamp,script_version
canonical_screening_population.parquet,4260,31,983,3277,6d93adab4d74c9df8eea3c535d19bace4c7ff9c50cfb05f74280d67c6ae7656b,2026-09-01T17:58:31.820016+00:00,v1.0-phase3
analytic_core_complete.parquet,4194,31,970,3224,facac5ae6aff9ce021956795ccb884ec0d1e95eaed34aeeb1f72e3127a5c7f42,2026-09-01T17:58:31.820016+00:00,v1.0-phase3
analytic_expanded_complete.parquet,4044,31,938,3106,6fa1dd5c9212359271de03285806044f3d8a8f817c774bdd1e8c054fe75d1679,2026-09-01T17:58:31.820016+00:00,v1.0-phase3
raw/DEMO_L.xpt,11933,27,,,ca4374a158b493b8b0163e1388da21d57a18d1b9cecff2aa4e2fa2bec494fe23,2026-09-01T17:58:31.820016+00:00,official_cdc_raw
raw/BMX_L.xpt,8860,22,,,44440c416d9ad709e8b1708a5975378ab4d5b18edc39eb5015c2ae7186500170,2026-09-01T17:58:31.820016+00:00,official_cdc_raw
raw/BPQ_L.xpt,8501,6,,,0acde3af0526c375942fe0735e3bf69a0422bcbc606f98a478209d2f47baa4b5,2026-09-01T17:58:31.820016+00:00,official_cdc_raw
raw/SMQ_L.xpt,9015,9,,,abbefebfa5585b1e19c079fa14be20c113a4649318070197214b258d05b93c50,2026-09-01T17:58:31.820016+00:00,official_cdc_raw
raw/PAQ_L.xpt,8153,8,,,de34acfed4523f10f52bea06e64ed33c8db973cb38d3539eeceb2b68039248c8,2026-09-01T17:58:31.820016+00:00,official_cdc_raw
raw/DIQ_L.xpt,11744,9,,,9535a023673ae869afae19d842d8679e06f6a464606ac15900686b41ef05090f,2026-09-01T17:58:31.820016+00:00,official_cdc_raw
raw/GHB_L.xpt,7199,3,,,67aee0353160e2392dc0a33bece99b90764a630c76d82415ac4639105ad9dd03,2026-09-01T17:58:31.820016+00:00,official_cdc_raw
raw/GLU_L.xpt,3996,4,,,70f773ab37e3d8485341f32137e280e05b9279e5fe9b6f0362e4052d8fe9a201,2026-09-01T17:58:31.820016+00:00,official_cdc_raw
