dataset_variant,model_family,model_configuration,bin_idx,mean_predicted_prob,fraction_of_positives,brier_score
CORE_COMMON,DLNN,DLNN_16_8_drop0.0,1,0.0535,0.0652,0.1588
CORE_COMMON,DLNN,DLNN_16_8_drop0.0,2,0.1487,0.133,0.1588
CORE_COMMON,DLNN,DLNN_16_8_drop0.0,3,0.2502,0.2768,0.1588
CORE_COMMON,DLNN,DLNN_16_8_drop0.0,4,0.3487,0.3328,0.1588
CORE_COMMON,DLNN,DLNN_16_8_drop0.0,5,0.4453,0.4305,0.1588
CORE_COMMON,DLNN,DLNN_16_8_drop0.0,6,0.5269,0.4796,0.1588
CORE_COMMON,DLNN,DLNN_16_8_drop0.0,7,0.6367,0.4286,0.1588
CORE_COMMON,DLNN,DLNN_16_8_drop0.2,1,0.0539,0.0538,0.1585
CORE_COMMON,DLNN,DLNN_16_8_drop0.2,2,0.1461,0.1481,0.1585
CORE_COMMON,DLNN,DLNN_16_8_drop0.2,3,0.2509,0.2362,0.1585
CORE_COMMON,DLNN,DLNN_16_8_drop0.2,4,0.3537,0.3598,0.1585
CORE_COMMON,DLNN,DLNN_16_8_drop0.2,5,0.4279,0.4308,0.1585
CORE_COMMON,DLNN,DLNN_16_8_drop0.2,6,0.5084,0.3333,0.1585
CORE_COMMON,DLNN,DLNN_32_16_drop0.0,1,0.0539,0.0597,0.1583
CORE_COMMON,DLNN,DLNN_32_16_drop0.0,2,0.1482,0.1558,0.1583
CORE_COMMON,DLNN,DLNN_32_16_drop0.0,3,0.2516,0.2422,0.1583
CORE_COMMON,DLNN,DLNN_32_16_drop0.0,4,0.3521,0.3333,0.1583
CORE_COMMON,DLNN,DLNN_32_16_drop0.0,5,0.445,0.4502,0.1583
CORE_COMMON,DLNN,DLNN_32_16_drop0.0,6,0.5309,0.4683,0.1583
CORE_COMMON,DLNN,DLNN_32_16_drop0.0,7,0.6026,0.0,0.1583
CORE_COMMON,DLNN,DLNN_32_16_drop0.2,1,0.0514,0.0524,0.1583
CORE_COMMON,DLNN,DLNN_32_16_drop0.2,2,0.1467,0.1631,0.1583
CORE_COMMON,DLNN,DLNN_32_16_drop0.2,3,0.2508,0.2334,0.1583
CORE_COMMON,DLNN,DLNN_32_16_drop0.2,4,0.3526,0.3538,0.1583
CORE_COMMON,DLNN,DLNN_32_16_drop0.2,5,0.4422,0.4349,0.1583
CORE_COMMON,DLNN,DLNN_32_16_drop0.2,6,0.5182,0.3684,0.1583
CORE_COMMON,GAM,GAM_splines10_lam0.01,1,0.0566,0.0578,0.1588
CORE_COMMON,GAM,GAM_splines10_lam0.01,2,0.1501,0.1608,0.1588
CORE_COMMON,GAM,GAM_splines10_lam0.01,3,0.247,0.2584,0.1588
CORE_COMMON,GAM,GAM_splines10_lam0.01,4,0.3476,0.3627,0.1588
CORE_COMMON,GAM,GAM_splines10_lam0.01,5,0.4458,0.4109,0.1588
CORE_COMMON,GAM,GAM_splines10_lam0.01,6,0.5391,0.4861,0.1588
CORE_COMMON,GAM,GAM_splines10_lam0.01,7,0.6287,0.4615,0.1588
CORE_COMMON,GAM,GAM_splines10_lam0.1,1,0.0581,0.0562,0.1585
CORE_COMMON,GAM,GAM_splines10_lam0.1,2,0.1494,0.1624,0.1585
CORE_COMMON,GAM,GAM_splines10_lam0.1,3,0.2467,0.259,0.1585
CORE_COMMON,GAM,GAM_splines10_lam0.1,4,0.3469,0.3679,0.1585
CORE_COMMON,GAM,GAM_splines10_lam0.1,5,0.4448,0.3995,0.1585
CORE_COMMON,GAM,GAM_splines10_lam0.1,6,0.5393,0.4932,0.1585
CORE_COMMON,GAM,GAM_splines10_lam0.1,7,0.6232,0.5,0.1585
CORE_COMMON,GAM,GAM_splines10_lam1.0,1,0.0586,0.0558,0.1582
CORE_COMMON,GAM,GAM_splines10_lam1.0,2,0.1486,0.1635,0.1582
CORE_COMMON,GAM,GAM_splines10_lam1.0,3,0.2488,0.2511,0.1582
CORE_COMMON,GAM,GAM_splines10_lam1.0,4,0.3485,0.3621,0.1582
CORE_COMMON,GAM,GAM_splines10_lam1.0,5,0.4439,0.4131,0.1582
CORE_COMMON,GAM,GAM_splines10_lam1.0,6,0.5372,0.527,0.1582
CORE_COMMON,GAM,GAM_splines10_lam1.0,7,0.6232,0.3333,0.1582
CORE_COMMON,GAM,GAM_splines10_lam10.0,1,0.0591,0.0551,0.1579
CORE_COMMON,GAM,GAM_splines10_lam10.0,2,0.1485,0.1581,0.1579
CORE_COMMON,GAM,GAM_splines10_lam10.0,3,0.2489,0.2443,0.1579
CORE_COMMON,GAM,GAM_splines10_lam10.0,4,0.3485,0.375,0.1579
CORE_COMMON,GAM,GAM_splines10_lam10.0,5,0.4436,0.4207,0.1579
CORE_COMMON,GAM,GAM_splines10_lam10.0,6,0.5369,0.5349,0.1579
CORE_COMMON,GAM,GAM_splines10_lam10.0,7,0.6211,0.2143,0.1579
CORE_COMMON,Logistic_Regression,L2_C0.01,1,0.0781,0.0428,0.1588
CORE_COMMON,Logistic_Regression,L2_C0.01,2,0.1467,0.1184,0.1588
CORE_COMMON,Logistic_Regression,L2_C0.01,3,0.2485,0.2706,0.1588
CORE_COMMON,Logistic_Regression,L2_C0.01,4,0.3461,0.3884,0.1588
CORE_COMMON,Logistic_Regression,L2_C0.01,5,0.4386,0.4601,0.1588
CORE_COMMON,Logistic_Regression,L2_C0.01,6,0.5351,0.4444,0.1588
CORE_COMMON,Logistic_Regression,L2_C0.01,7,0.6404,0.2,0.1588
CORE_COMMON,Logistic_Regression,L2_C0.1,1,0.0679,0.0515,0.1586
CORE_COMMON,Logistic_Regression,L2_C0.1,2,0.1463,0.149,0.1586
CORE_COMMON,Logistic_Regression,L2_C0.1,3,0.2463,0.262,0.1586
CORE_COMMON,Logistic_Regression,L2_C0.1,4,0.3467,0.3803,0.1586
CORE_COMMON,Logistic_Regression,L2_C0.1,5,0.4438,0.3988,0.1586
CORE_COMMON,Logistic_Regression,L2_C0.1,6,0.5382,0.5763,0.1586
CORE_COMMON,Logistic_Regression,L2_C0.1,7,0.641,0.3333,0.1586
CORE_COMMON,Logistic_Regression,L2_C0.1,8,0.7252,0.2,0.1586
CORE_COMMON,Logistic_Regression,L2_C1.0,1,0.0661,0.0511,0.1587
CORE_COMMON,Logistic_Regression,L2_C1.0,2,0.1457,0.1541,0.1587
CORE_COMMON,Logistic_Regression,L2_C1.0,3,0.2461,0.2626,0.1587
CORE_COMMON,Logistic_Regression,L2_C1.0,4,0.3472,0.381,0.1587
CORE_COMMON,Logistic_Regression,L2_C1.0,5,0.444,0.3951,0.1587
CORE_COMMON,Logistic_Regression,L2_C1.0,6,0.5392,0.5489,0.1587
CORE_COMMON,Logistic_Regression,L2_C1.0,7,0.6443,0.3636,0.1587
CORE_COMMON,Logistic_Regression,L2_C1.0,8,0.7358,0.2,0.1587
CORE_COMMON,Logistic_Regression,L2_C10.0,1,0.066,0.0508,0.1587
CORE_COMMON,Logistic_Regression,L2_C10.0,2,0.1458,0.1555,0.1587
CORE_COMMON,Logistic_Regression,L2_C10.0,3,0.2462,0.2623,0.1587
CORE_COMMON,Logistic_Regression,L2_C10.0,4,0.3475,0.381,0.1587
CORE_COMMON,Logistic_Regression,L2_C10.0,5,0.4446,0.3951,0.1587
CORE_COMMON,Logistic_Regression,L2_C10.0,6,0.5397,0.5455,0.1587
CORE_COMMON,Logistic_Regression,L2_C10.0,7,0.6435,0.3913,0.1587
CORE_COMMON,Logistic_Regression,L2_C10.0,8,0.7369,0.2,0.1587
CORE_FULL,DLNN,DLNN_16_8_drop0.0,1,0.0551,0.0603,0.1592
CORE_FULL,DLNN,DLNN_16_8_drop0.0,2,0.1483,0.1478,0.1592
CORE_FULL,DLNN,DLNN_16_8_drop0.0,3,0.2521,0.2426,0.1592
CORE_FULL,DLNN,DLNN_16_8_drop0.0,4,0.3511,0.351,0.1592
CORE_FULL,DLNN,DLNN_16_8_drop0.0,5,0.443,0.4296,0.1592
CORE_FULL,DLNN,DLNN_16_8_drop0.0,6,0.5279,0.5106,0.1592
CORE_FULL,DLNN,DLNN_16_8_drop0.0,7,0.6271,0.0,0.1592
CORE_FULL,DLNN,DLNN_16_8_drop0.0,8,0.7345,0.0,0.1592
CORE_FULL,DLNN,DLNN_16_8_drop0.2,1,0.0549,0.0513,0.1595
CORE_FULL,DLNN,DLNN_16_8_drop0.2,2,0.1474,0.1422,0.1595
CORE_FULL,DLNN,DLNN_16_8_drop0.2,3,0.2511,0.2388,0.1595
CORE_FULL,DLNN,DLNN_16_8_drop0.2,4,0.3493,0.3698,0.1595
CORE_FULL,DLNN,DLNN_16_8_drop0.2,5,0.4347,0.4163,0.1595
CORE_FULL,DLNN,DLNN_16_8_drop0.2,6,0.5415,0.0,0.1595
CORE_FULL,DLNN,DLNN_16_8_drop0.2,7,0.6024,0.0,0.1595
CORE_FULL,DLNN,DLNN_32_16_drop0.0,1,0.0549,0.0594,0.1586
CORE_FULL,DLNN,DLNN_32_16_drop0.0,2,0.1473,0.1404,0.1586
CORE_FULL,DLNN,DLNN_32_16_drop0.0,3,0.2513,0.2537,0.1586
CORE_FULL,DLNN,DLNN_32_16_drop0.0,4,0.3487,0.3556,0.1586
CORE_FULL,DLNN,DLNN_32_16_drop0.0,5,0.443,0.4267,0.1586
CORE_FULL,DLNN,DLNN_32_16_drop0.0,6,0.5319,0.4571,0.1586
CORE_FULL,DLNN,DLNN_32_16_drop0.2,1,0.0532,0.057,0.158
CORE_FULL,DLNN,DLNN_32_16_drop0.2,2,0.147,0.132,0.158
CORE_FULL,DLNN,DLNN_32_16_drop0.2,3,0.2497,0.2344,0.158
CORE_FULL,DLNN,DLNN_32_16_drop0.2,4,0.3512,0.3618,0.158
CORE_FULL,DLNN,DLNN_32_16_drop0.2,5,0.4402,0.4364,0.158
CORE_FULL,DLNN,DLNN_32_16_drop0.2,6,0.5129,0.4,0.158
CORE_FULL,GAM,GAM_splines10_lam0.01,1,0.0575,0.0588,0.1595
CORE_FULL,GAM,GAM_splines10_lam0.01,2,0.1499,0.1535,0.1595
CORE_FULL,GAM,GAM_splines10_lam0.01,3,0.2463,0.2624,0.1595
CORE_FULL,GAM,GAM_splines10_lam0.01,4,0.348,0.373,0.1595
CORE_FULL,GAM,GAM_splines10_lam0.01,5,0.4449,0.4107,0.1595
CORE_FULL,GAM,GAM_splines10_lam0.01,6,0.5355,0.4565,0.1595
CORE_FULL,GAM,GAM_splines10_lam0.01,7,0.6278,0.5,0.1595
CORE_FULL,GAM,GAM_splines10_lam0.01,8,0.7349,0.25,0.1595
CORE_FULL,GAM,GAM_splines10_lam0.1,1,0.0588,0.0548,0.1591
CORE_FULL,GAM,GAM_splines10_lam0.1,2,0.1496,0.1561,0.1591
CORE_FULL,GAM,GAM_splines10_lam0.1,3,0.2471,0.2688,0.1591
CORE_FULL,GAM,GAM_splines10_lam0.1,4,0.3481,0.3631,0.1591
CORE_FULL,GAM,GAM_splines10_lam0.1,5,0.4442,0.4084,0.1591
CORE_FULL,GAM,GAM_splines10_lam0.1,6,0.5357,0.4759,0.1591
CORE_FULL,GAM,GAM_splines10_lam0.1,7,0.6342,0.5714,0.1591
CORE_FULL,GAM,GAM_splines10_lam0.1,8,0.7589,0.0,0.1591
CORE_FULL,GAM,GAM_splines10_lam1.0,1,0.059,0.058,0.1587
CORE_FULL,GAM,GAM_splines10_lam1.0,2,0.1488,0.1581,0.1587
CORE_FULL,GAM,GAM_splines10_lam1.0,3,0.2486,0.2531,0.1587
CORE_FULL,GAM,GAM_splines10_lam1.0,4,0.348,0.3653,0.1587
CORE_FULL,GAM,GAM_splines10_lam1.0,5,0.4441,0.4169,0.1587
CORE_FULL,GAM,GAM_splines10_lam1.0,6,0.5361,0.4929,0.1587
CORE_FULL,GAM,GAM_splines10_lam1.0,7,0.6336,0.5455,0.1587
CORE_FULL,GAM,GAM_splines10_lam1.0,8,0.7282,0.0,0.1587
CORE_FULL,GAM,GAM_splines10_lam10.0,1,0.0597,0.0558,0.1585
CORE_FULL,GAM,GAM_splines10_lam10.0,2,0.1486,0.1546,0.1585
CORE_FULL,GAM,GAM_splines10_lam10.0,3,0.2489,0.2445,0.1585
CORE_FULL,GAM,GAM_splines10_lam10.0,4,0.3479,0.378,0.1585
CORE_FULL,GAM,GAM_splines10_lam10.0,5,0.4428,0.4277,0.1585
CORE_FULL,GAM,GAM_splines10_lam10.0,6,0.5346,0.5079,0.1585
CORE_FULL,GAM,GAM_splines10_lam10.0,7,0.628,0.2778,0.1585
CORE_FULL,Logistic_Regression,L2_C0.01,1,0.0787,0.044,0.1593
CORE_FULL,Logistic_Regression,L2_C0.01,2,0.1472,0.1188,0.1593
CORE_FULL,Logistic_Regression,L2_C0.01,3,0.2486,0.2675,0.1593
CORE_FULL,Logistic_Regression,L2_C0.01,4,0.3457,0.3939,0.1593
CORE_FULL,Logistic_Regression,L2_C0.01,5,0.4393,0.4651,0.1593
CORE_FULL,Logistic_Regression,L2_C0.01,6,0.536,0.4211,0.1593
CORE_FULL,Logistic_Regression,L2_C0.01,7,0.6406,0.2222,0.1593
CORE_FULL,Logistic_Regression,L2_C0.1,1,0.0692,0.0534,0.1592
CORE_FULL,Logistic_Regression,L2_C0.1,2,0.1468,0.1469,0.1592
CORE_FULL,Logistic_Regression,L2_C0.1,3,0.2466,0.2635,0.1592
CORE_FULL,Logistic_Regression,L2_C0.1,4,0.3466,0.3857,0.1592
CORE_FULL,Logistic_Regression,L2_C0.1,5,0.4437,0.4025,0.1592
CORE_FULL,Logistic_Regression,L2_C0.1,6,0.5364,0.5357,0.1592
CORE_FULL,Logistic_Regression,L2_C0.1,7,0.6361,0.3913,0.1592
CORE_FULL,Logistic_Regression,L2_C0.1,8,0.7301,0.2857,0.1592
CORE_FULL,Logistic_Regression,L2_C1.0,1,0.0673,0.052,0.1593
CORE_FULL,Logistic_Regression,L2_C1.0,2,0.146,0.1497,0.1593
CORE_FULL,Logistic_Regression,L2_C1.0,3,0.2465,0.2671,0.1593
CORE_FULL,Logistic_Regression,L2_C1.0,4,0.3468,0.3795,0.1593
CORE_FULL,Logistic_Regression,L2_C1.0,5,0.4425,0.4019,0.1593
CORE_FULL,Logistic_Regression,L2_C1.0,6,0.5356,0.5308,0.1593
CORE_FULL,Logistic_Regression,L2_C1.0,7,0.6402,0.4074,0.1593
CORE_FULL,Logistic_Regression,L2_C1.0,8,0.7394,0.2857,0.1593
CORE_FULL,Logistic_Regression,L2_C10.0,1,0.0672,0.0531,0.1593
CORE_FULL,Logistic_Regression,L2_C10.0,2,0.146,0.1491,0.1593
CORE_FULL,Logistic_Regression,L2_C10.0,3,0.2465,0.2674,0.1593
CORE_FULL,Logistic_Regression,L2_C10.0,4,0.3468,0.3809,0.1593
CORE_FULL,Logistic_Regression,L2_C10.0,5,0.4428,0.3994,0.1593
CORE_FULL,Logistic_Regression,L2_C10.0,6,0.5365,0.5308,0.1593
CORE_FULL,Logistic_Regression,L2_C10.0,7,0.6413,0.4074,0.1593
CORE_FULL,Logistic_Regression,L2_C10.0,8,0.7404,0.2857,0.1593
EXPANDED_COMMON,DLNN,DLNN_16_8_drop0.0,1,0.0534,0.0655,0.1577
EXPANDED_COMMON,DLNN,DLNN_16_8_drop0.0,2,0.1489,0.1467,0.1577
EXPANDED_COMMON,DLNN,DLNN_16_8_drop0.0,3,0.249,0.2409,0.1577
EXPANDED_COMMON,DLNN,DLNN_16_8_drop0.0,4,0.3491,0.3529,0.1577
EXPANDED_COMMON,DLNN,DLNN_16_8_drop0.0,5,0.4448,0.4289,0.1577
EXPANDED_COMMON,DLNN,DLNN_16_8_drop0.0,6,0.5399,0.4474,0.1577
EXPANDED_COMMON,DLNN,DLNN_16_8_drop0.0,7,0.6377,0.4643,0.1577
EXPANDED_COMMON,DLNN,DLNN_16_8_drop0.0,8,0.7188,1.0,0.1577
EXPANDED_COMMON,DLNN,DLNN_16_8_drop0.0,9,0.8495,0.0,0.1577
EXPANDED_COMMON,DLNN,DLNN_16_8_drop0.2,1,0.0536,0.0567,0.1581
EXPANDED_COMMON,DLNN,DLNN_16_8_drop0.2,2,0.1479,0.1518,0.1581
EXPANDED_COMMON,DLNN,DLNN_16_8_drop0.2,3,0.2536,0.23,0.1581
EXPANDED_COMMON,DLNN,DLNN_16_8_drop0.2,4,0.3537,0.3525,0.1581
EXPANDED_COMMON,DLNN,DLNN_16_8_drop0.2,5,0.438,0.464,0.1581
EXPANDED_COMMON,DLNN,DLNN_16_8_drop0.2,6,0.5258,0.4894,0.1581
EXPANDED_COMMON,DLNN,DLNN_16_8_drop0.2,7,0.6159,0.0,0.1581
EXPANDED_COMMON,DLNN,DLNN_32_16_drop0.0,1,0.0504,0.0576,0.1589
EXPANDED_COMMON,DLNN,DLNN_32_16_drop0.0,2,0.1476,0.163,0.1589
EXPANDED_COMMON,DLNN,DLNN_32_16_drop0.0,3,0.2515,0.2504,0.1589
EXPANDED_COMMON,DLNN,DLNN_32_16_drop0.0,4,0.3498,0.3441,0.1589
EXPANDED_COMMON,DLNN,DLNN_32_16_drop0.0,5,0.4469,0.4279,0.1589
EXPANDED_COMMON,DLNN,DLNN_32_16_drop0.0,6,0.5342,0.4406,0.1589
EXPANDED_COMMON,DLNN,DLNN_32_16_drop0.0,7,0.6386,0.4737,0.1589
EXPANDED_COMMON,DLNN,DLNN_32_16_drop0.0,8,0.7238,0.75,0.1589
EXPANDED_COMMON,DLNN,DLNN_32_16_drop0.2,1,0.0517,0.0546,0.1575
EXPANDED_COMMON,DLNN,DLNN_32_16_drop0.2,2,0.1494,0.1417,0.1575
EXPANDED_COMMON,DLNN,DLNN_32_16_drop0.2,3,0.251,0.2437,0.1575
EXPANDED_COMMON,DLNN,DLNN_32_16_drop0.2,4,0.3505,0.3684,0.1575
EXPANDED_COMMON,DLNN,DLNN_32_16_drop0.2,5,0.4401,0.4261,0.1575
EXPANDED_COMMON,DLNN,DLNN_32_16_drop0.2,6,0.5295,0.4237,0.1575
EXPANDED_COMMON,DLNN,DLNN_32_16_drop0.2,7,0.618,0.6,0.1575
EXPANDED_COMMON,GAM,GAM_splines10_lam0.01,1,0.0531,0.0567,0.1578
EXPANDED_COMMON,GAM,GAM_splines10_lam0.01,2,0.1505,0.1526,0.1578
EXPANDED_COMMON,GAM,GAM_splines10_lam0.01,3,0.2496,0.2735,0.1578
EXPANDED_COMMON,GAM,GAM_splines10_lam0.01,4,0.3477,0.3631,0.1578
EXPANDED_COMMON,GAM,GAM_splines10_lam0.01,5,0.4433,0.4269,0.1578
EXPANDED_COMMON,GAM,GAM_splines10_lam0.01,6,0.5419,0.4452,0.1578
EXPANDED_COMMON,GAM,GAM_splines10_lam0.01,7,0.6324,0.6034,0.1578
EXPANDED_COMMON,GAM,GAM_splines10_lam0.01,8,0.7235,0.2,0.1578
EXPANDED_COMMON,GAM,GAM_splines10_lam0.01,9,0.9899,0.0,0.1578
EXPANDED_COMMON,GAM,GAM_splines10_lam0.1,1,0.054,0.0563,0.1571
EXPANDED_COMMON,GAM,GAM_splines10_lam0.1,2,0.1489,0.1554,0.1571
EXPANDED_COMMON,GAM,GAM_splines10_lam0.1,3,0.2478,0.2661,0.1571
EXPANDED_COMMON,GAM,GAM_splines10_lam0.1,4,0.3479,0.3587,0.1571
EXPANDED_COMMON,GAM,GAM_splines10_lam0.1,5,0.4439,0.432,0.1571
EXPANDED_COMMON,GAM,GAM_splines10_lam0.1,6,0.5462,0.4639,0.1571
EXPANDED_COMMON,GAM,GAM_splines10_lam0.1,7,0.6331,0.5435,0.1571
EXPANDED_COMMON,GAM,GAM_splines10_lam0.1,8,0.7056,0.0,0.1571
EXPANDED_COMMON,GAM,GAM_splines10_lam1.0,1,0.0553,0.0567,0.1565
EXPANDED_COMMON,GAM,GAM_splines10_lam1.0,2,0.1496,0.1592,0.1565
EXPANDED_COMMON,GAM,GAM_splines10_lam1.0,3,0.248,0.2632,0.1565
EXPANDED_COMMON,GAM,GAM_splines10_lam1.0,4,0.3496,0.3581,0.1565
EXPANDED_COMMON,GAM,GAM_splines10_lam1.0,5,0.4442,0.4295,0.1565
EXPANDED_COMMON,GAM,GAM_splines10_lam1.0,6,0.5438,0.4641,0.1565
EXPANDED_COMMON,GAM,GAM_splines10_lam1.0,7,0.638,0.5667,0.1565
EXPANDED_COMMON,GAM,GAM_splines10_lam10.0,1,0.0555,0.0507,0.1561
EXPANDED_COMMON,GAM,GAM_splines10_lam10.0,2,0.149,0.1617,0.1561
EXPANDED_COMMON,GAM,GAM_splines10_lam10.0,3,0.2476,0.2563,0.1561
EXPANDED_COMMON,GAM,GAM_splines10_lam10.0,4,0.3478,0.3528,0.1561
EXPANDED_COMMON,GAM,GAM_splines10_lam10.0,5,0.4449,0.4273,0.1561
EXPANDED_COMMON,GAM,GAM_splines10_lam10.0,6,0.5398,0.5092,0.1561
EXPANDED_COMMON,GAM,GAM_splines10_lam10.0,7,0.6373,0.5417,0.1561
EXPANDED_COMMON,Logistic_Regression,L2_C0.01,1,0.0734,0.0481,0.1575
EXPANDED_COMMON,Logistic_Regression,L2_C0.01,2,0.1481,0.1298,0.1575
EXPANDED_COMMON,Logistic_Regression,L2_C0.01,3,0.2486,0.2599,0.1575
EXPANDED_COMMON,Logistic_Regression,L2_C0.01,4,0.3456,0.3828,0.1575
EXPANDED_COMMON,Logistic_Regression,L2_C0.01,5,0.4394,0.461,0.1575
EXPANDED_COMMON,Logistic_Regression,L2_C0.01,6,0.5341,0.4928,0.1575
EXPANDED_COMMON,Logistic_Regression,L2_C0.01,7,0.6362,0.25,0.1575
EXPANDED_COMMON,Logistic_Regression,L2_C0.1,1,0.0641,0.0491,0.1574
EXPANDED_COMMON,Logistic_Regression,L2_C0.1,2,0.1473,0.1547,0.1574
EXPANDED_COMMON,Logistic_Regression,L2_C0.1,3,0.2493,0.2688,0.1574
EXPANDED_COMMON,Logistic_Regression,L2_C0.1,4,0.3462,0.3638,0.1574
EXPANDED_COMMON,Logistic_Regression,L2_C0.1,5,0.4441,0.4256,0.1574
EXPANDED_COMMON,Logistic_Regression,L2_C0.1,6,0.5412,0.5227,0.1574
EXPANDED_COMMON,Logistic_Regression,L2_C0.1,7,0.6354,0.4333,0.1574
EXPANDED_COMMON,Logistic_Regression,L2_C0.1,8,0.7112,0.3333,0.1574
EXPANDED_COMMON,Logistic_Regression,L2_C1.0,1,0.0627,0.0477,0.1575
EXPANDED_COMMON,Logistic_Regression,L2_C1.0,2,0.1467,0.1563,0.1575
EXPANDED_COMMON,Logistic_Regression,L2_C1.0,3,0.2488,0.2716,0.1575
EXPANDED_COMMON,Logistic_Regression,L2_C1.0,4,0.3459,0.3657,0.1575
EXPANDED_COMMON,Logistic_Regression,L2_C1.0,5,0.4457,0.4223,0.1575
EXPANDED_COMMON,Logistic_Regression,L2_C1.0,6,0.5426,0.5221,0.1575
EXPANDED_COMMON,Logistic_Regression,L2_C1.0,7,0.6342,0.4118,0.1575
EXPANDED_COMMON,Logistic_Regression,L2_C1.0,8,0.7105,0.4,0.1575
EXPANDED_COMMON,Logistic_Regression,L2_C10.0,1,0.0625,0.0477,0.1575
EXPANDED_COMMON,Logistic_Regression,L2_C10.0,2,0.1465,0.1573,0.1575
EXPANDED_COMMON,Logistic_Regression,L2_C10.0,3,0.2488,0.2708,0.1575
EXPANDED_COMMON,Logistic_Regression,L2_C10.0,4,0.3459,0.3657,0.1575
EXPANDED_COMMON,Logistic_Regression,L2_C10.0,5,0.4454,0.4172,0.1575
EXPANDED_COMMON,Logistic_Regression,L2_C10.0,6,0.5413,0.529,0.1575
EXPANDED_COMMON,Logistic_Regression,L2_C10.0,7,0.6333,0.4167,0.1575
EXPANDED_COMMON,Logistic_Regression,L2_C10.0,8,0.7111,0.4,0.1575
