dataset_variant,model_family,model_configuration,fold,n,roc_auc,pr_auc,brier_score,sensitivity_05,specificity_05,ppv_05,npv_05,f1_05
CORE_COMMON,DLNN,DLNN_16_8_drop0.0,1,649,0.7188,0.3823,0.161,0.0197,0.9859,0.3,0.7668,0.037
CORE_COMMON,DLNN,DLNN_16_8_drop0.0,2,652,0.7238,0.3891,0.1599,0.0196,0.994,0.5,0.7678,0.0377
CORE_COMMON,DLNN,DLNN_16_8_drop0.0,3,641,0.7315,0.4022,0.1548,0.0833,0.9658,0.4138,0.7843,0.1387
CORE_COMMON,DLNN,DLNN_16_8_drop0.0,4,647,0.704,0.4052,0.1616,0.0612,0.99,0.6429,0.782,0.1118
CORE_COMMON,DLNN,DLNN_16_8_drop0.0,5,643,0.7479,0.4229,0.1566,0.1523,0.9533,0.5,0.7856,0.2335
CORE_COMMON,DLNN,DLNN_16_8_drop0.2,1,649,0.7183,0.3742,0.1605,0.0,1.0,0.0,0.7658,0.0
CORE_COMMON,DLNN,DLNN_16_8_drop0.2,2,652,0.7405,0.425,0.1575,0.0,1.0,0.0,0.7653,0.0
CORE_COMMON,DLNN,DLNN_16_8_drop0.2,3,641,0.7281,0.3733,0.1551,0.0,0.998,0.0,0.775,0.0
CORE_COMMON,DLNN,DLNN_16_8_drop0.2,4,647,0.6956,0.3766,0.1624,0.0068,0.998,0.5,0.7736,0.0134
CORE_COMMON,DLNN,DLNN_16_8_drop0.2,5,643,0.742,0.4047,0.1569,0.0,1.0,0.0,0.7652,0.0
CORE_COMMON,DLNN,DLNN_32_16_drop0.0,1,649,0.7204,0.3833,0.161,0.0197,0.9759,0.2,0.765,0.0359
CORE_COMMON,DLNN,DLNN_32_16_drop0.0,2,652,0.7323,0.4049,0.1586,0.0065,0.996,0.3333,0.7658,0.0128
CORE_COMMON,DLNN,DLNN_32_16_drop0.0,3,641,0.7447,0.4278,0.1512,0.125,0.9698,0.5455,0.7928,0.2034
CORE_COMMON,DLNN,DLNN_32_16_drop0.0,4,647,0.6936,0.3684,0.1643,0.1361,0.954,0.4651,0.7897,0.2105
CORE_COMMON,DLNN,DLNN_32_16_drop0.0,5,643,0.7446,0.4257,0.1566,0.1126,0.9634,0.4857,0.7796,0.1828
CORE_COMMON,DLNN,DLNN_32_16_drop0.2,1,649,0.7227,0.3931,0.1602,0.0066,0.996,0.3333,0.7663,0.0129
CORE_COMMON,DLNN,DLNN_32_16_drop0.2,2,652,0.7347,0.4102,0.1584,0.0392,0.976,0.3333,0.7681,0.0702
CORE_COMMON,DLNN,DLNN_32_16_drop0.2,3,641,0.7346,0.3997,0.1536,0.0208,0.994,0.5,0.778,0.04
CORE_COMMON,DLNN,DLNN_32_16_drop0.2,4,647,0.7002,0.3956,0.1621,0.0136,0.992,0.3333,0.7738,0.0261
CORE_COMMON,DLNN,DLNN_32_16_drop0.2,5,643,0.7427,0.4175,0.1568,0.0132,0.9939,0.4,0.7665,0.0256
CORE_COMMON,GAM,GAM_splines10_lam0.01,1,649,0.713,0.3768,0.1634,0.1184,0.9577,0.4615,0.7803,0.1885
CORE_COMMON,GAM,GAM_splines10_lam0.01,2,652,0.738,0.4227,0.1575,0.0915,0.9619,0.4242,0.7754,0.1505
CORE_COMMON,GAM,GAM_splines10_lam0.01,3,641,0.7315,0.3942,0.1552,0.0833,0.9678,0.4286,0.7847,0.1395
CORE_COMMON,GAM,GAM_splines10_lam0.01,4,647,0.705,0.4214,0.1596,0.1224,0.984,0.6923,0.7923,0.2081
CORE_COMMON,GAM,GAM_splines10_lam0.01,5,643,0.7445,0.4021,0.158,0.0927,0.9654,0.4516,0.7761,0.1538
CORE_COMMON,GAM,GAM_splines10_lam0.1,1,649,0.7135,0.3768,0.1633,0.1118,0.9577,0.4474,0.7791,0.1789
CORE_COMMON,GAM,GAM_splines10_lam0.1,2,652,0.7403,0.4327,0.1567,0.0915,0.9639,0.4375,0.7758,0.1514
CORE_COMMON,GAM,GAM_splines10_lam0.1,3,641,0.7313,0.3955,0.1551,0.0972,0.9678,0.4667,0.7872,0.1609
CORE_COMMON,GAM,GAM_splines10_lam0.1,4,647,0.707,0.4265,0.1591,0.1293,0.984,0.7037,0.7935,0.2184
CORE_COMMON,GAM,GAM_splines10_lam0.1,5,643,0.7445,0.3994,0.1581,0.0993,0.9634,0.4545,0.777,0.163
CORE_COMMON,GAM,GAM_splines10_lam1.0,1,649,0.715,0.3776,0.1627,0.1053,0.9598,0.4444,0.7781,0.1702
CORE_COMMON,GAM,GAM_splines10_lam1.0,2,652,0.7444,0.4332,0.1562,0.098,0.9679,0.4839,0.7778,0.163
CORE_COMMON,GAM,GAM_splines10_lam1.0,3,641,0.7324,0.3965,0.1547,0.1042,0.9718,0.5172,0.7892,0.1734
CORE_COMMON,GAM,GAM_splines10_lam1.0,4,647,0.7071,0.4272,0.1589,0.1497,0.982,0.7097,0.7971,0.2472
CORE_COMMON,GAM,GAM_splines10_lam1.0,5,643,0.7442,0.402,0.1583,0.0927,0.9614,0.4242,0.7754,0.1522
CORE_COMMON,GAM,GAM_splines10_lam10.0,1,649,0.7197,0.3802,0.1618,0.0789,0.9638,0.4,0.7738,0.1319
CORE_COMMON,GAM,GAM_splines10_lam10.0,2,652,0.7457,0.433,0.1561,0.0915,0.9719,0.5,0.7772,0.1547
CORE_COMMON,GAM,GAM_splines10_lam10.0,3,641,0.7341,0.3936,0.1546,0.0833,0.9718,0.4615,0.7854,0.1412
CORE_COMMON,GAM,GAM_splines10_lam10.0,4,647,0.7061,0.4253,0.1592,0.1429,0.984,0.7241,0.7961,0.2386
CORE_COMMON,GAM,GAM_splines10_lam10.0,5,643,0.7441,0.4016,0.1579,0.0861,0.9654,0.4333,0.7749,0.1436
CORE_COMMON,Logistic_Regression,L2_C0.01,1,649,0.7251,0.3869,0.1617,0.0066,0.9899,0.1667,0.7652,0.0127
CORE_COMMON,Logistic_Regression,L2_C0.01,2,652,0.7449,0.4378,0.1577,0.0327,0.994,0.625,0.7702,0.0621
CORE_COMMON,Logistic_Regression,L2_C0.01,3,641,0.739,0.3971,0.1548,0.0139,0.9879,0.25,0.7757,0.0263
CORE_COMMON,Logistic_Regression,L2_C0.01,4,647,0.6966,0.3995,0.1606,0.034,0.99,0.5,0.7771,0.0637
CORE_COMMON,Logistic_Regression,L2_C0.01,5,643,0.7465,0.4058,0.159,0.0265,0.9898,0.4444,0.7681,0.05
CORE_COMMON,Logistic_Regression,L2_C0.1,1,649,0.7243,0.3852,0.1615,0.0724,0.9678,0.4074,0.7733,0.1229
CORE_COMMON,Logistic_Regression,L2_C0.1,2,652,0.7424,0.4348,0.1571,0.1111,0.9719,0.5484,0.781,0.1848
CORE_COMMON,Logistic_Regression,L2_C0.1,3,641,0.7388,0.3941,0.1545,0.0972,0.9779,0.56,0.789,0.1657
CORE_COMMON,Logistic_Regression,L2_C0.1,4,647,0.6974,0.4018,0.1613,0.1361,0.984,0.7143,0.7948,0.2286
CORE_COMMON,Logistic_Regression,L2_C0.1,5,643,0.7458,0.4044,0.1586,0.0861,0.9654,0.4333,0.7749,0.1436
CORE_COMMON,Logistic_Regression,L2_C1.0,1,649,0.724,0.3847,0.1616,0.0921,0.9678,0.4667,0.7771,0.1538
CORE_COMMON,Logistic_Regression,L2_C1.0,2,652,0.742,0.4342,0.1572,0.1307,0.9639,0.5263,0.7834,0.2094
CORE_COMMON,Logistic_Regression,L2_C1.0,3,641,0.7389,0.3937,0.1546,0.1042,0.9718,0.5172,0.7892,0.1734
CORE_COMMON,Logistic_Regression,L2_C1.0,4,647,0.6974,0.4053,0.1615,0.1361,0.976,0.625,0.7935,0.2235
CORE_COMMON,Logistic_Regression,L2_C1.0,5,643,0.7455,0.4039,0.1587,0.0861,0.9634,0.4194,0.7745,0.1429
CORE_COMMON,Logistic_Regression,L2_C10.0,1,649,0.724,0.3846,0.1616,0.0921,0.9678,0.4667,0.7771,0.1538
CORE_COMMON,Logistic_Regression,L2_C10.0,2,652,0.742,0.4344,0.1572,0.1307,0.9639,0.5263,0.7834,0.2094
CORE_COMMON,Logistic_Regression,L2_C10.0,3,641,0.7388,0.3936,0.1546,0.1042,0.9718,0.5172,0.7892,0.1734
CORE_COMMON,Logistic_Regression,L2_C10.0,4,647,0.6974,0.4053,0.1616,0.1361,0.976,0.625,0.7935,0.2235
CORE_COMMON,Logistic_Regression,L2_C10.0,5,643,0.7455,0.404,0.1587,0.0861,0.9634,0.4194,0.7745,0.1429
CORE_FULL,DLNN,DLNN_16_8_drop0.0,1,671,0.7208,0.374,0.1596,0.0,0.9981,0.0,0.7687,0.0
CORE_FULL,DLNN,DLNN_16_8_drop0.0,2,671,0.7132,0.3895,0.1606,0.0,1.0,0.0,0.769,0.0
CORE_FULL,DLNN,DLNN_16_8_drop0.0,3,671,0.7373,0.4064,0.1566,0.0258,0.9845,0.3333,0.7709,0.0479
CORE_FULL,DLNN,DLNN_16_8_drop0.0,4,671,0.709,0.4282,0.1619,0.0,1.0,0.0,0.769,0.0
CORE_FULL,DLNN,DLNN_16_8_drop0.0,5,671,0.7401,0.4103,0.1572,0.1282,0.965,0.5263,0.7852,0.2062
CORE_FULL,DLNN,DLNN_16_8_drop0.2,1,671,0.7211,0.3693,0.1592,0.0,1.0,0.0,0.769,0.0
CORE_FULL,DLNN,DLNN_16_8_drop0.2,2,671,0.7078,0.3742,0.1613,0.0,1.0,0.0,0.769,0.0
CORE_FULL,DLNN,DLNN_16_8_drop0.2,3,671,0.7354,0.3952,0.1566,0.0,1.0,0.0,0.769,0.0
CORE_FULL,DLNN,DLNN_16_8_drop0.2,4,671,0.7003,0.4123,0.1626,0.0,1.0,0.0,0.769,0.0
CORE_FULL,DLNN,DLNN_16_8_drop0.2,5,671,0.7354,0.3894,0.1577,0.0,0.9942,0.0,0.7665,0.0
CORE_FULL,DLNN,DLNN_32_16_drop0.0,1,671,0.7251,0.3839,0.1593,0.1226,0.9593,0.475,0.7845,0.1949
CORE_FULL,DLNN,DLNN_32_16_drop0.0,2,671,0.7344,0.3984,0.157,0.0,1.0,0.0,0.769,0.0
CORE_FULL,DLNN,DLNN_32_16_drop0.0,3,671,0.7377,0.4267,0.156,0.0258,0.9922,0.5,0.7722,0.0491
CORE_FULL,DLNN,DLNN_32_16_drop0.0,4,671,0.6978,0.4061,0.1635,0.0645,0.9767,0.4545,0.7766,0.113
CORE_FULL,DLNN,DLNN_32_16_drop0.0,5,671,0.7374,0.4099,0.1572,0.0962,0.9612,0.4286,0.7783,0.1571
CORE_FULL,DLNN,DLNN_32_16_drop0.2,1,671,0.7265,0.3855,0.1585,0.0,0.9981,0.0,0.7687,0.0
CORE_FULL,DLNN,DLNN_32_16_drop0.2,2,671,0.7361,0.3991,0.1569,0.0,1.0,0.0,0.769,0.0
CORE_FULL,DLNN,DLNN_32_16_drop0.2,3,671,0.7387,0.419,0.1561,0.0129,0.9961,0.5,0.7706,0.0252
CORE_FULL,DLNN,DLNN_32_16_drop0.2,4,671,0.7086,0.4153,0.1615,0.0,1.0,0.0,0.769,0.0
CORE_FULL,DLNN,DLNN_32_16_drop0.2,5,671,0.7331,0.4069,0.1572,0.0128,0.9942,0.4,0.7688,0.0248
CORE_FULL,GAM,GAM_splines10_lam0.01,1,671,0.7135,0.3737,0.1619,0.1032,0.9593,0.4324,0.7808,0.1667
CORE_FULL,GAM,GAM_splines10_lam0.01,2,671,0.7355,0.4039,0.1573,0.1032,0.9554,0.4103,0.7801,0.1649
CORE_FULL,GAM,GAM_splines10_lam0.01,3,671,0.7288,0.4094,0.158,0.071,0.969,0.4074,0.7764,0.1209
CORE_FULL,GAM,GAM_splines10_lam0.01,4,671,0.7046,0.4178,0.1614,0.0839,0.9845,0.619,0.7815,0.1477
CORE_FULL,GAM,GAM_splines10_lam0.01,5,671,0.737,0.3948,0.1587,0.1026,0.965,0.4706,0.7802,0.1684
CORE_FULL,GAM,GAM_splines10_lam0.1,1,671,0.7142,0.3758,0.1618,0.1097,0.9574,0.4359,0.7816,0.1753
CORE_FULL,GAM,GAM_splines10_lam0.1,2,671,0.7366,0.4092,0.1568,0.1032,0.9574,0.4211,0.7804,0.1658
CORE_FULL,GAM,GAM_splines10_lam0.1,3,671,0.7302,0.4162,0.1576,0.0774,0.9709,0.4444,0.778,0.1319
CORE_FULL,GAM,GAM_splines10_lam0.1,4,671,0.7072,0.425,0.1607,0.1032,0.9864,0.6957,0.7855,0.1798
CORE_FULL,GAM,GAM_splines10_lam0.1,5,671,0.7369,0.3963,0.1587,0.1026,0.965,0.4706,0.7802,0.1684
CORE_FULL,GAM,GAM_splines10_lam1.0,1,671,0.7157,0.3753,0.1615,0.0903,0.9593,0.4,0.7783,0.1474
CORE_FULL,GAM,GAM_splines10_lam1.0,2,671,0.7391,0.4129,0.1563,0.1032,0.9612,0.4444,0.7811,0.1675
CORE_FULL,GAM,GAM_splines10_lam1.0,3,671,0.734,0.4184,0.1569,0.0774,0.9748,0.48,0.7786,0.1333
CORE_FULL,GAM,GAM_splines10_lam1.0,4,671,0.7093,0.4344,0.1603,0.1161,0.9864,0.72,0.7879,0.2
CORE_FULL,GAM,GAM_splines10_lam1.0,5,671,0.7366,0.3968,0.1586,0.0962,0.967,0.4688,0.7793,0.1596
CORE_FULL,GAM,GAM_splines10_lam10.0,1,671,0.7197,0.3763,0.1608,0.0774,0.9593,0.3636,0.7759,0.1277
CORE_FULL,GAM,GAM_splines10_lam10.0,2,671,0.74,0.4137,0.1563,0.0968,0.969,0.4839,0.7812,0.1613
CORE_FULL,GAM,GAM_splines10_lam10.0,3,671,0.7368,0.4149,0.1567,0.0839,0.9748,0.5,0.7798,0.1436
CORE_FULL,GAM,GAM_splines10_lam10.0,4,671,0.7074,0.4262,0.1604,0.1032,0.9864,0.6957,0.7855,0.1798
CORE_FULL,GAM,GAM_splines10_lam10.0,5,671,0.7367,0.3933,0.1583,0.0833,0.965,0.4194,0.7766,0.139
CORE_FULL,Logistic_Regression,L2_C0.01,1,671,0.7256,0.3833,0.1606,0.0129,0.9845,0.2,0.7685,0.0242
CORE_FULL,Logistic_Regression,L2_C0.01,2,671,0.7383,0.4126,0.1579,0.0258,0.9884,0.4,0.7716,0.0485
CORE_FULL,Logistic_Regression,L2_C0.01,3,671,0.7421,0.4159,0.1569,0.0258,0.9903,0.4444,0.7719,0.0488
CORE_FULL,Logistic_Regression,L2_C0.01,4,671,0.6998,0.407,0.1619,0.0258,0.9922,0.5,0.7722,0.0491
CORE_FULL,Logistic_Regression,L2_C0.01,5,671,0.7383,0.396,0.1591,0.0256,0.9883,0.4,0.77,0.0482
CORE_FULL,Logistic_Regression,L2_C0.1,1,671,0.7239,0.3809,0.1607,0.0516,0.9651,0.3077,0.7721,0.0884
CORE_FULL,Logistic_Regression,L2_C0.1,2,671,0.7361,0.4096,0.1579,0.1097,0.969,0.5152,0.7837,0.1809
CORE_FULL,Logistic_Regression,L2_C0.1,3,671,0.7421,0.4155,0.1562,0.0839,0.9787,0.5417,0.7805,0.1453
CORE_FULL,Logistic_Regression,L2_C0.1,4,671,0.7002,0.408,0.1622,0.1226,0.9826,0.6786,0.7885,0.2077
CORE_FULL,Logistic_Regression,L2_C0.1,5,671,0.7373,0.3939,0.1589,0.0897,0.967,0.4516,0.7781,0.1497
CORE_FULL,Logistic_Regression,L2_C1.0,1,671,0.7236,0.3809,0.1608,0.0645,0.9632,0.3448,0.7741,0.1087
CORE_FULL,Logistic_Regression,L2_C1.0,2,671,0.7356,0.4087,0.158,0.1226,0.9593,0.475,0.7845,0.1949
CORE_FULL,Logistic_Regression,L2_C1.0,3,671,0.7423,0.4154,0.1562,0.1032,0.9748,0.5517,0.7835,0.1739
CORE_FULL,Logistic_Regression,L2_C1.0,4,671,0.7003,0.4086,0.1624,0.1484,0.9826,0.7188,0.7934,0.246
CORE_FULL,Logistic_Regression,L2_C1.0,5,671,0.7373,0.3938,0.159,0.0897,0.9612,0.4118,0.7771,0.1474
CORE_FULL,Logistic_Regression,L2_C10.0,1,671,0.7236,0.3808,0.1609,0.0645,0.9632,0.3448,0.7741,0.1087
CORE_FULL,Logistic_Regression,L2_C10.0,2,671,0.7356,0.4089,0.158,0.1226,0.9593,0.475,0.7845,0.1949
CORE_FULL,Logistic_Regression,L2_C10.0,3,671,0.7422,0.4153,0.1562,0.1032,0.9748,0.5517,0.7835,0.1739
CORE_FULL,Logistic_Regression,L2_C10.0,4,671,0.7003,0.4084,0.1624,0.1484,0.9826,0.7188,0.7934,0.246
CORE_FULL,Logistic_Regression,L2_C10.0,5,671,0.7373,0.3936,0.159,0.0897,0.9612,0.4118,0.7771,0.1474
EXPANDED_COMMON,DLNN,DLNN_16_8_drop0.0,1,649,0.7325,0.4074,0.1582,0.0,1.0,0.0,0.7658,0.0
EXPANDED_COMMON,DLNN,DLNN_16_8_drop0.0,2,652,0.7405,0.4187,0.1575,0.0523,0.9679,0.3333,0.7691,0.0904
EXPANDED_COMMON,DLNN,DLNN_16_8_drop0.0,3,641,0.734,0.4169,0.1538,0.0833,0.9759,0.5,0.7861,0.1429
EXPANDED_COMMON,DLNN,DLNN_16_8_drop0.0,4,647,0.704,0.4189,0.1609,0.1497,0.966,0.5641,0.7944,0.2366
EXPANDED_COMMON,DLNN,DLNN_16_8_drop0.0,5,643,0.7432,0.4337,0.1582,0.1788,0.9309,0.4426,0.7869,0.2547
EXPANDED_COMMON,DLNN,DLNN_16_8_drop0.2,1,649,0.7286,0.3908,0.159,0.0,1.0,0.0,0.7658,0.0
EXPANDED_COMMON,DLNN,DLNN_16_8_drop0.2,2,652,0.7426,0.4196,0.1571,0.0392,0.984,0.4286,0.7696,0.0719
EXPANDED_COMMON,DLNN,DLNN_16_8_drop0.2,3,641,0.7386,0.412,0.1531,0.0278,0.994,0.5714,0.7792,0.053
EXPANDED_COMMON,DLNN,DLNN_16_8_drop0.2,4,647,0.6998,0.3746,0.1613,0.068,0.976,0.4545,0.7808,0.1183
EXPANDED_COMMON,DLNN,DLNN_16_8_drop0.2,5,643,0.7244,0.3973,0.1601,0.0199,0.9959,0.6,0.768,0.0385
EXPANDED_COMMON,DLNN,DLNN_32_16_drop0.0,1,649,0.7151,0.375,0.1625,0.0592,0.9577,0.3,0.769,0.0989
EXPANDED_COMMON,DLNN,DLNN_32_16_drop0.0,2,652,0.7419,0.4309,0.157,0.0523,0.982,0.4706,0.7717,0.0941
EXPANDED_COMMON,DLNN,DLNN_32_16_drop0.0,3,641,0.7423,0.4359,0.1523,0.1528,0.9557,0.5,0.7956,0.234
EXPANDED_COMMON,DLNN,DLNN_32_16_drop0.0,4,647,0.692,0.379,0.1641,0.0748,0.978,0.5,0.7824,0.1302
EXPANDED_COMMON,DLNN,DLNN_32_16_drop0.0,5,643,0.7372,0.4299,0.1585,0.1656,0.9431,0.4717,0.7864,0.2451
EXPANDED_COMMON,DLNN,DLNN_32_16_drop0.2,1,649,0.7238,0.3892,0.1595,0.0066,0.994,0.25,0.7659,0.0128
EXPANDED_COMMON,DLNN,DLNN_32_16_drop0.2,2,652,0.7416,0.4265,0.157,0.085,0.978,0.5417,0.7771,0.1469
EXPANDED_COMMON,DLNN,DLNN_32_16_drop0.2,3,641,0.7294,0.3957,0.1548,0.0069,0.994,0.25,0.7755,0.0135
EXPANDED_COMMON,DLNN,DLNN_32_16_drop0.2,4,647,0.7139,0.4044,0.1585,0.0272,0.996,0.6667,0.7769,0.0523
EXPANDED_COMMON,DLNN,DLNN_32_16_drop0.2,5,643,0.74,0.4171,0.1578,0.0596,0.9654,0.3462,0.7699,0.1017
EXPANDED_COMMON,GAM,GAM_splines10_lam0.01,1,649,0.7305,0.4124,0.1599,0.1316,0.9517,0.4545,0.7818,0.2041
EXPANDED_COMMON,GAM,GAM_splines10_lam0.01,2,652,0.7381,0.4149,0.1589,0.1438,0.9559,0.5,0.7845,0.2234
EXPANDED_COMMON,GAM,GAM_splines10_lam0.01,3,641,0.7446,0.4335,0.152,0.1319,0.9557,0.4634,0.7917,0.2054
EXPANDED_COMMON,GAM,GAM_splines10_lam0.01,4,647,0.7129,0.3956,0.1604,0.1429,0.962,0.525,0.7924,0.2246
EXPANDED_COMMON,GAM,GAM_splines10_lam0.01,5,643,0.7457,0.4174,0.1577,0.1523,0.9451,0.46,0.7841,0.2289
EXPANDED_COMMON,GAM,GAM_splines10_lam0.1,1,649,0.7321,0.4197,0.1593,0.125,0.9517,0.4419,0.7805,0.1949
EXPANDED_COMMON,GAM,GAM_splines10_lam0.1,2,652,0.7397,0.4242,0.1579,0.1503,0.9599,0.5349,0.7865,0.2347
EXPANDED_COMMON,GAM,GAM_splines10_lam0.1,3,641,0.7456,0.4354,0.1517,0.125,0.9658,0.5143,0.7921,0.2011
EXPANDED_COMMON,GAM,GAM_splines10_lam0.1,4,647,0.7146,0.404,0.1589,0.1293,0.958,0.475,0.7891,0.2032
EXPANDED_COMMON,GAM,GAM_splines10_lam0.1,5,643,0.7448,0.4118,0.1579,0.1523,0.9411,0.4423,0.7834,0.2266
EXPANDED_COMMON,GAM,GAM_splines10_lam1.0,1,649,0.7343,0.42,0.1585,0.125,0.9517,0.4419,0.7805,0.1949
EXPANDED_COMMON,GAM,GAM_splines10_lam1.0,2,652,0.7451,0.4321,0.1567,0.1503,0.9559,0.5111,0.7858,0.2323
EXPANDED_COMMON,GAM,GAM_splines10_lam1.0,3,641,0.7458,0.4416,0.1514,0.125,0.9638,0.5,0.7917,0.2
EXPANDED_COMMON,GAM,GAM_splines10_lam1.0,4,647,0.7149,0.4153,0.1584,0.1361,0.962,0.5128,0.7911,0.2151
EXPANDED_COMMON,GAM,GAM_splines10_lam1.0,5,643,0.7445,0.4134,0.1577,0.1391,0.9451,0.4375,0.7815,0.2111
EXPANDED_COMMON,GAM,GAM_splines10_lam10.0,1,649,0.7383,0.4193,0.1577,0.1118,0.9698,0.5312,0.7812,0.1848
EXPANDED_COMMON,GAM,GAM_splines10_lam10.0,2,652,0.7479,0.4354,0.1562,0.1373,0.9639,0.5385,0.7847,0.2188
EXPANDED_COMMON,GAM,GAM_splines10_lam10.0,3,641,0.7474,0.4395,0.1509,0.1111,0.9658,0.4848,0.7895,0.1808
EXPANDED_COMMON,GAM,GAM_splines10_lam10.0,4,647,0.7137,0.4251,0.1583,0.1565,0.968,0.5897,0.7961,0.2473
EXPANDED_COMMON,GAM,GAM_splines10_lam10.0,5,643,0.7435,0.4193,0.1574,0.1258,0.9492,0.4318,0.7796,0.1949
EXPANDED_COMMON,Logistic_Regression,L2_C0.01,1,649,0.7339,0.3978,0.1601,0.0329,0.9819,0.3571,0.7685,0.0602
EXPANDED_COMMON,Logistic_Regression,L2_C0.01,2,652,0.7452,0.4435,0.157,0.0458,0.988,0.5385,0.7715,0.0843
EXPANDED_COMMON,Logistic_Regression,L2_C0.01,3,641,0.7492,0.4208,0.1524,0.0347,0.9839,0.3846,0.7787,0.0637
EXPANDED_COMMON,Logistic_Regression,L2_C0.01,4,647,0.7107,0.4079,0.1584,0.0952,0.986,0.6667,0.7875,0.1667
EXPANDED_COMMON,Logistic_Regression,L2_C0.01,5,643,0.7382,0.401,0.1596,0.0331,0.9776,0.3125,0.7671,0.0599
EXPANDED_COMMON,Logistic_Regression,L2_C0.1,1,649,0.7337,0.3994,0.1597,0.0855,0.9718,0.4815,0.7765,0.1453
EXPANDED_COMMON,Logistic_Regression,L2_C0.1,2,652,0.7421,0.4402,0.1571,0.1176,0.9619,0.4865,0.7805,0.1895
EXPANDED_COMMON,Logistic_Regression,L2_C0.1,3,641,0.7489,0.4196,0.1516,0.0903,0.9698,0.4643,0.7863,0.1512
EXPANDED_COMMON,Logistic_Regression,L2_C0.1,4,647,0.7092,0.4121,0.1593,0.1565,0.97,0.6053,0.7964,0.2486
EXPANDED_COMMON,Logistic_Regression,L2_C0.1,5,643,0.7384,0.4012,0.1592,0.106,0.9614,0.4571,0.778,0.172
EXPANDED_COMMON,Logistic_Regression,L2_C1.0,1,649,0.7335,0.3989,0.1598,0.0921,0.9678,0.4667,0.7771,0.1538
EXPANDED_COMMON,Logistic_Regression,L2_C1.0,2,652,0.7409,0.4399,0.1573,0.1242,0.9599,0.4872,0.7814,0.1979
EXPANDED_COMMON,Logistic_Regression,L2_C1.0,3,641,0.7488,0.4206,0.1516,0.0972,0.9678,0.4667,0.7872,0.1609
EXPANDED_COMMON,Logistic_Regression,L2_C1.0,4,647,0.709,0.4126,0.1595,0.1565,0.968,0.5897,0.7961,0.2473
EXPANDED_COMMON,Logistic_Regression,L2_C1.0,5,643,0.7384,0.4018,0.1592,0.1126,0.9593,0.4595,0.7789,0.1809
EXPANDED_COMMON,Logistic_Regression,L2_C10.0,1,649,0.7335,0.3985,0.1598,0.1053,0.9678,0.5,0.7796,0.1739
EXPANDED_COMMON,Logistic_Regression,L2_C10.0,2,652,0.7409,0.4399,0.1573,0.1242,0.9599,0.4872,0.7814,0.1979
EXPANDED_COMMON,Logistic_Regression,L2_C10.0,3,641,0.7488,0.4206,0.1516,0.0972,0.9678,0.4667,0.7872,0.1609
EXPANDED_COMMON,Logistic_Regression,L2_C10.0,4,647,0.7089,0.4129,0.1595,0.1565,0.968,0.5897,0.7961,0.2473
EXPANDED_COMMON,Logistic_Regression,L2_C10.0,5,643,0.7384,0.4018,0.1592,0.1192,0.9573,0.4615,0.7798,0.1895
