dataset_variant,model_family,model_configuration,n_dev,mean_cv_roc_auc,std_cv_roc_auc,pooled_oof_roc_auc,mean_cv_pr_auc,std_cv_pr_auc,pooled_oof_pr_auc,pooled_brier_score,sensitivity_at_05,specificity_at_05,ppv_at_05,npv_at_05,f1_at_05,balanced_acc_at_05,tp,fp,tn,fn
CORE_COMMON,Logistic_Regression,L2_C0.01,3232,0.7304,0.0185,0.7303,0.4054,0.0173,0.3988,0.1588,0.0228,0.9903,0.4146,0.7712,0.0431,0.5065,17,24,2461,730
CORE_COMMON,GAM,GAM_splines10_lam10.0,3232,0.7299,0.0151,0.7302,0.4067,0.0197,0.4014,0.1579,0.0964,0.9714,0.5035,0.7815,0.1618,0.5339,72,71,2414,675
CORE_COMMON,Logistic_Regression,L2_C0.1,3232,0.7297,0.0177,0.7296,0.4041,0.0168,0.3979,0.1586,0.1004,0.9734,0.5319,0.7826,0.1689,0.5369,75,66,2419,672
CORE_COMMON,Logistic_Regression,L2_C1.0,3232,0.7295,0.0177,0.7294,0.4044,0.0167,0.3978,0.1587,0.1098,0.9686,0.5125,0.7835,0.1808,0.5392,82,78,2407,665
CORE_COMMON,Logistic_Regression,L2_C10.0,3232,0.7295,0.0177,0.7294,0.4044,0.0168,0.3978,0.1587,0.1098,0.9686,0.5125,0.7835,0.1808,0.5392,82,78,2407,665
CORE_COMMON,GAM,GAM_splines10_lam1.0,3232,0.7286,0.0152,0.7288,0.4073,0.0205,0.4003,0.1582,0.1098,0.9686,0.5125,0.7835,0.1808,0.5392,82,78,2407,665
CORE_COMMON,GAM,GAM_splines10_lam0.1,3232,0.7273,0.0147,0.7275,0.4062,0.0207,0.3991,0.1585,0.1058,0.9674,0.4938,0.7826,0.1742,0.5366,79,81,2404,668
CORE_COMMON,DLNN,DLNN_32_16_drop0.0,3232,0.7271,0.019,0.7269,0.402,0.0233,0.3988,0.1583,0.079,0.9718,0.4574,0.7783,0.1347,0.5254,59,70,2415,688
CORE_COMMON,DLNN,DLNN_32_16_drop0.2,3232,0.727,0.0148,0.7265,0.4032,0.0092,0.3967,0.1583,0.0187,0.9903,0.3684,0.7705,0.0357,0.5045,14,24,2461,733
CORE_COMMON,GAM,GAM_splines10_lam0.01,3232,0.7264,0.015,0.7264,0.4034,0.0172,0.3963,0.1588,0.1017,0.9674,0.4841,0.7818,0.1681,0.5346,76,81,2404,671
CORE_COMMON,DLNN,DLNN_16_8_drop0.2,3232,0.7249,0.017,0.7247,0.3908,0.0207,0.3864,0.1585,0.0013,0.9992,0.3333,0.769,0.0027,0.5003,1,2,2483,746
CORE_COMMON,DLNN,DLNN_16_8_drop0.0,3232,0.7252,0.0145,0.7242,0.4003,0.0141,0.3961,0.1588,0.0669,0.9779,0.4762,0.7771,0.1174,0.5224,50,55,2430,697
CORE_FULL,Logistic_Regression,L2_C0.01,3355,0.7288,0.0156,0.7286,0.403,0.0119,0.3961,0.1593,0.0232,0.9888,0.383,0.7709,0.0437,0.506,18,29,2550,758
CORE_FULL,GAM,GAM_splines10_lam10.0,3355,0.7281,0.0126,0.7283,0.4049,0.0178,0.3957,0.1585,0.0889,0.9709,0.4792,0.7798,0.15,0.5299,69,75,2504,707
CORE_FULL,Logistic_Regression,L2_C0.1,3355,0.7279,0.0151,0.7278,0.4016,0.0125,0.395,0.1592,0.0915,0.9725,0.5,0.7806,0.1547,0.532,71,71,2508,705
CORE_FULL,Logistic_Regression,L2_C1.0,3355,0.7278,0.0151,0.7277,0.4015,0.0125,0.3948,0.1593,0.1057,0.9682,0.5,0.7825,0.1745,0.5369,82,82,2497,694
CORE_FULL,Logistic_Regression,L2_C10.0,3355,0.7278,0.015,0.7276,0.4014,0.0125,0.3947,0.1593,0.1057,0.9682,0.5,0.7825,0.1745,0.5369,82,82,2497,694
CORE_FULL,DLNN,DLNN_32_16_drop0.2,3355,0.7286,0.0108,0.7274,0.4052,0.012,0.3984,0.158,0.0052,0.9977,0.4,0.7692,0.0102,0.5014,4,6,2573,772
CORE_FULL,GAM,GAM_splines10_lam1.0,3355,0.7269,0.0121,0.7269,0.4076,0.0201,0.3971,0.1587,0.0966,0.9698,0.4902,0.7811,0.1615,0.5332,75,78,2501,701
CORE_FULL,GAM,GAM_splines10_lam0.1,3355,0.725,0.0121,0.7253,0.4045,0.0172,0.3951,0.1591,0.0992,0.9674,0.4783,0.7812,0.1644,0.5333,77,84,2495,699
CORE_FULL,DLNN,DLNN_32_16_drop0.0,3355,0.7265,0.0151,0.7251,0.405,0.0141,0.3957,0.1586,0.0619,0.9779,0.4571,0.776,0.109,0.5199,48,57,2522,728
CORE_FULL,GAM,GAM_splines10_lam0.01,3355,0.7239,0.0127,0.7238,0.3999,0.0151,0.3918,0.1595,0.0928,0.9667,0.4557,0.7798,0.1542,0.5297,72,86,2493,704
CORE_FULL,DLNN,DLNN_16_8_drop0.0,3355,0.7241,0.0125,0.7227,0.4017,0.0185,0.3935,0.1592,0.0309,0.9895,0.4706,0.7724,0.058,0.5102,24,27,2552,752
CORE_FULL,DLNN,DLNN_16_8_drop0.2,3355,0.72,0.0142,0.7195,0.3881,0.0154,0.3823,0.1595,0.0,0.9988,0.0,0.7685,0.0,0.4994,0,3,2576,776
EXPANDED_COMMON,GAM,GAM_splines10_lam10.0,3232,0.7382,0.0127,0.7382,0.4277,0.0083,0.4207,0.1561,0.1285,0.9634,0.5134,0.7862,0.2056,0.5459,96,91,2394,651
EXPANDED_COMMON,GAM,GAM_splines10_lam1.0,3232,0.7369,0.0118,0.737,0.4245,0.0108,0.4182,0.1565,0.1352,0.9557,0.4787,0.7862,0.2109,0.5455,101,110,2375,646
EXPANDED_COMMON,Logistic_Regression,L2_C0.01,3232,0.7354,0.0135,0.7355,0.4142,0.0166,0.4082,0.1575,0.0482,0.9835,0.4675,0.7746,0.0874,0.5158,36,41,2444,711
EXPANDED_COMMON,GAM,GAM_splines10_lam0.1,3232,0.7354,0.0115,0.7354,0.419,0.0107,0.4128,0.1571,0.1365,0.9553,0.4789,0.7864,0.2125,0.5459,102,111,2374,645
EXPANDED_COMMON,Logistic_Regression,L2_C0.1,3232,0.7345,0.0136,0.7345,0.4145,0.0148,0.4087,0.1574,0.1111,0.967,0.503,0.7835,0.182,0.5391,83,82,2403,664
EXPANDED_COMMON,GAM,GAM_splines10_lam0.01,3232,0.7343,0.012,0.7343,0.4148,0.0121,0.4082,0.1578,0.1406,0.9541,0.4795,0.7869,0.2174,0.5473,105,114,2371,642
EXPANDED_COMMON,Logistic_Regression,L2_C1.0,3232,0.7341,0.0135,0.7342,0.4148,0.0148,0.4086,0.1575,0.1165,0.9646,0.4971,0.7841,0.1887,0.5405,87,88,2397,660
EXPANDED_COMMON,Logistic_Regression,L2_C10.0,3232,0.7341,0.0135,0.7342,0.4147,0.0148,0.4086,0.1575,0.1205,0.9642,0.5028,0.7848,0.1944,0.5423,90,89,2396,657
EXPANDED_COMMON,DLNN,DLNN_16_8_drop0.0,3232,0.7308,0.014,0.7306,0.4191,0.0084,0.4115,0.1577,0.0924,0.9682,0.4662,0.7802,0.1542,0.5303,69,79,2406,678
EXPANDED_COMMON,DLNN,DLNN_32_16_drop0.2,3232,0.7297,0.0103,0.7303,0.4066,0.0137,0.4023,0.1575,0.0375,0.9855,0.4375,0.773,0.0691,0.5115,28,36,2449,719
EXPANDED_COMMON,DLNN,DLNN_16_8_drop0.2,3232,0.7268,0.015,0.7274,0.3989,0.0159,0.3977,0.1581,0.0308,0.9899,0.4792,0.7726,0.0579,0.5104,23,25,2460,724
EXPANDED_COMMON,DLNN,DLNN_32_16_drop0.0,3232,0.7257,0.0196,0.7249,0.4102,0.0272,0.4042,0.1589,0.1004,0.9634,0.4518,0.7808,0.1643,0.5319,75,91,2394,672
