dataset_variant,model_family,model_configuration,target_sensitivity,screening_threshold,percent_referred_for_hba1c,percent_not_referred,true_dysglycemia_captured_pct,true_dysglycemia_missed_pct,nnt,narrative
CORE_FULL,Logistic_Regression,L2_C10.0,0.8,0.1887,53.89,46.11,80.03,19.97,2.91,"At threshold 0.19, 53.89% of the screening population is referred for Stage-2 HbA1c testing, capturing 80.03% of true dysglycemia cases while missing 19.97%."
CORE_FULL,Logistic_Regression,L2_C10.0,0.85,0.1632,59.79,40.21,85.05,14.95,3.04,"At threshold 0.16, 59.79% of the screening population is referred for Stage-2 HbA1c testing, capturing 85.05% of true dysglycemia cases while missing 14.95%."
CORE_FULL,Logistic_Regression,L2_C10.0,0.9,0.1416,65.22,34.78,90.34,9.66,3.12,"At threshold 0.14, 65.22% of the screening population is referred for Stage-2 HbA1c testing, capturing 90.34% of true dysglycemia cases while missing 9.66%."
CORE_FULL,Logistic_Regression,L2_C10.0,0.95,0.0944,79.25,20.75,95.23,4.77,3.6,"At threshold 0.09, 79.25% of the screening population is referred for Stage-2 HbA1c testing, capturing 95.23% of true dysglycemia cases while missing 4.77%."
CORE_FULL,GAM,GAM_splines10_lam10.0,0.8,0.1966,54.72,45.28,80.03,19.97,2.96,"At threshold 0.20, 54.72% of the screening population is referred for Stage-2 HbA1c testing, capturing 80.03% of true dysglycemia cases while missing 19.97%."
CORE_FULL,GAM,GAM_splines10_lam10.0,0.85,0.175,59.2,40.8,85.18,14.82,3.0,"At threshold 0.17, 59.2% of the screening population is referred for Stage-2 HbA1c testing, capturing 85.18% of true dysglycemia cases while missing 14.82%."
CORE_FULL,GAM,GAM_splines10_lam10.0,0.9,0.1416,65.93,34.07,90.46,9.54,3.15,"At threshold 0.14, 65.93% of the screening population is referred for Stage-2 HbA1c testing, capturing 90.46% of true dysglycemia cases while missing 9.54%."
CORE_FULL,GAM,GAM_splines10_lam10.0,0.95,0.0866,79.14,20.86,95.1,4.9,3.6,"At threshold 0.09, 79.14% of the screening population is referred for Stage-2 HbA1c testing, capturing 95.1% of true dysglycemia cases while missing 4.9%."
CORE_FULL,DLNN,DLNN_16_8_drop0.0,0.8,0.2162,53.86,46.14,80.03,19.97,2.91,"At threshold 0.22, 53.86% of the screening population is referred for Stage-2 HbA1c testing, capturing 80.03% of true dysglycemia cases while missing 19.97%."
CORE_FULL,DLNN,DLNN_16_8_drop0.0,0.85,0.1769,61.16,38.84,85.57,14.43,3.09,"At threshold 0.18, 61.16% of the screening population is referred for Stage-2 HbA1c testing, capturing 85.57% of true dysglycemia cases while missing 14.43%."
CORE_FULL,DLNN,DLNN_16_8_drop0.0,0.9,0.1396,67.9,32.1,90.21,9.79,3.25,"At threshold 0.14, 67.9% of the screening population is referred for Stage-2 HbA1c testing, capturing 90.21% of true dysglycemia cases while missing 9.79%."
CORE_FULL,DLNN,DLNN_16_8_drop0.0,0.95,0.0866,78.84,21.16,95.23,4.77,3.58,"At threshold 0.09, 78.84% of the screening population is referred for Stage-2 HbA1c testing, capturing 95.23% of true dysglycemia cases while missing 4.77%."
CORE_COMMON,Logistic_Regression,L2_C10.0,0.8,0.1887,53.84,46.16,80.19,19.81,2.9,"At threshold 0.19, 53.84% of the screening population is referred for Stage-2 HbA1c testing, capturing 80.19% of true dysglycemia cases while missing 19.81%."
CORE_COMMON,Logistic_Regression,L2_C10.0,0.85,0.1632,59.56,40.44,85.01,14.99,3.03,"At threshold 0.16, 59.56% of the screening population is referred for Stage-2 HbA1c testing, capturing 85.01% of true dysglycemia cases while missing 14.99%."
CORE_COMMON,Logistic_Regression,L2_C10.0,0.9,0.1396,65.04,34.96,90.23,9.77,3.12,"At threshold 0.14, 65.04% of the screening population is referred for Stage-2 HbA1c testing, capturing 90.23% of true dysglycemia cases while missing 9.77%."
CORE_COMMON,Logistic_Regression,L2_C10.0,0.95,0.0944,78.34,21.66,95.05,4.95,3.57,"At threshold 0.09, 78.34% of the screening population is referred for Stage-2 HbA1c testing, capturing 95.05% of true dysglycemia cases while missing 4.95%."
EXPANDED_COMMON,Logistic_Regression,L2_C10.0,0.8,0.1848,53.93,46.07,80.19,19.81,2.91,"At threshold 0.18, 53.93% of the screening population is referred for Stage-2 HbA1c testing, capturing 80.19% of true dysglycemia cases while missing 19.81%."
EXPANDED_COMMON,Logistic_Regression,L2_C10.0,0.85,0.1612,59.38,40.62,85.14,14.86,3.02,"At threshold 0.16, 59.38% of the screening population is referred for Stage-2 HbA1c testing, capturing 85.14% of true dysglycemia cases while missing 14.86%."
EXPANDED_COMMON,Logistic_Regression,L2_C10.0,0.9,0.1357,65.78,34.22,90.23,9.77,3.15,"At threshold 0.14, 65.78% of the screening population is referred for Stage-2 HbA1c testing, capturing 90.23% of true dysglycemia cases while missing 9.77%."
EXPANDED_COMMON,Logistic_Regression,L2_C10.0,0.95,0.0964,76.89,23.11,95.05,4.95,3.5,"At threshold 0.10, 76.89% of the screening population is referred for Stage-2 HbA1c testing, capturing 95.05% of true dysglycemia cases while missing 4.95%."
EXPANDED_COMMON,GAM,GAM_splines10_lam10.0,0.8,0.1907,53.68,46.32,80.32,19.68,2.89,"At threshold 0.19, 53.68% of the screening population is referred for Stage-2 HbA1c testing, capturing 80.32% of true dysglycemia cases while missing 19.68%."
EXPANDED_COMMON,GAM,GAM_splines10_lam10.0,0.85,0.1652,59.53,40.47,85.27,14.73,3.02,"At threshold 0.17, 59.53% of the screening population is referred for Stage-2 HbA1c testing, capturing 85.27% of true dysglycemia cases while missing 14.73%."
EXPANDED_COMMON,GAM,GAM_splines10_lam10.0,0.9,0.1377,65.53,34.47,90.36,9.64,3.14,"At threshold 0.14, 65.53% of the screening population is referred for Stage-2 HbA1c testing, capturing 90.36% of true dysglycemia cases while missing 9.64%."
EXPANDED_COMMON,GAM,GAM_splines10_lam10.0,0.95,0.0886,77.13,22.87,95.05,4.95,3.51,"At threshold 0.09, 77.13% of the screening population is referred for Stage-2 HbA1c testing, capturing 95.05% of true dysglycemia cases while missing 4.95%."
EXPANDED_COMMON,DLNN,DLNN_16_8_drop0.0,0.8,0.2064,53.4,46.6,80.05,19.95,2.89,"At threshold 0.21, 53.4% of the screening population is referred for Stage-2 HbA1c testing, capturing 80.05% of true dysglycemia cases while missing 19.95%."
EXPANDED_COMMON,DLNN,DLNN_16_8_drop0.0,0.85,0.175,58.73,41.27,85.27,14.73,2.98,"At threshold 0.17, 58.73% of the screening population is referred for Stage-2 HbA1c testing, capturing 85.27% of true dysglycemia cases while missing 14.73%."
EXPANDED_COMMON,DLNN,DLNN_16_8_drop0.0,0.9,0.1377,66.09,33.91,90.09,9.91,3.17,"At threshold 0.14, 66.09% of the screening population is referred for Stage-2 HbA1c testing, capturing 90.09% of true dysglycemia cases while missing 9.91%."
EXPANDED_COMMON,DLNN,DLNN_16_8_drop0.0,0.95,0.0846,76.98,23.02,95.05,4.95,3.5,"At threshold 0.08, 76.98% of the screening population is referred for Stage-2 HbA1c testing, capturing 95.05% of true dysglycemia cases while missing 4.95%."
