dataset_variant,model_family,model_configuration,target_sensitivity,achieved_threshold,sensitivity,specificity,ppv,npv,f1,predicted_positive_rate,predicted_negative_rate,nnt_screening
CORE_FULL,Logistic_Regression,L2_C10.0,0.8,0.1887,0.8003,0.5397,0.3435,0.8998,0.4807,0.5389,0.4611,2.91
CORE_FULL,Logistic_Regression,L2_C10.0,0.85,0.1632,0.8505,0.4781,0.329,0.914,0.4745,0.5979,0.4021,3.04
CORE_FULL,Logistic_Regression,L2_C10.0,0.9,0.1416,0.9034,0.4234,0.3204,0.9357,0.473,0.6522,0.3478,3.12
CORE_FULL,Logistic_Regression,L2_C10.0,0.95,0.0944,0.9523,0.2555,0.2779,0.9468,0.4303,0.7925,0.2075,3.6
CORE_FULL,GAM,GAM_splines10_lam10.0,0.8,0.1966,0.8003,0.5289,0.3382,0.898,0.4755,0.5472,0.4528,2.96
CORE_FULL,GAM,GAM_splines10_lam10.0,0.85,0.175,0.8518,0.4862,0.3328,0.916,0.4786,0.592,0.408,3.0
CORE_FULL,GAM,GAM_splines10_lam10.0,0.9,0.1416,0.9046,0.4145,0.3174,0.9353,0.4699,0.6593,0.3407,3.15
CORE_FULL,GAM,GAM_splines10_lam10.0,0.95,0.0866,0.951,0.2567,0.278,0.9457,0.4302,0.7914,0.2086,3.6
CORE_FULL,DLNN,DLNN_16_8_drop0.0,0.8,0.2162,0.8003,0.5401,0.3437,0.8999,0.4808,0.5386,0.4614,2.91
CORE_FULL,DLNN,DLNN_16_8_drop0.0,0.85,0.1769,0.8557,0.4618,0.3236,0.914,0.4696,0.6116,0.3884,3.09
CORE_FULL,DLNN,DLNN_16_8_drop0.0,0.9,0.1396,0.9021,0.3881,0.3073,0.9294,0.4584,0.679,0.321,3.25
CORE_FULL,DLNN,DLNN_16_8_drop0.0,0.95,0.0866,0.9523,0.261,0.2794,0.9479,0.432,0.7884,0.2116,3.58
CORE_COMMON,Logistic_Regression,L2_C10.0,0.8,0.1887,0.8019,0.5408,0.3443,0.9008,0.4817,0.5384,0.4616,2.9
CORE_COMMON,Logistic_Regression,L2_C10.0,0.85,0.1632,0.8501,0.4809,0.3299,0.9143,0.4753,0.5956,0.4044,3.03
CORE_COMMON,Logistic_Regression,L2_C10.0,0.9,0.1396,0.9023,0.4254,0.3206,0.9354,0.4731,0.6504,0.3496,3.12
CORE_COMMON,Logistic_Regression,L2_C10.0,0.95,0.0944,0.9505,0.2668,0.2804,0.9471,0.4331,0.7834,0.2166,3.57
EXPANDED_COMMON,Logistic_Regression,L2_C10.0,0.8,0.1848,0.8019,0.5396,0.3437,0.9006,0.4811,0.5393,0.4607,2.91
EXPANDED_COMMON,Logistic_Regression,L2_C10.0,0.85,0.1612,0.8514,0.4837,0.3314,0.9155,0.4771,0.5938,0.4062,3.02
EXPANDED_COMMON,Logistic_Regression,L2_C10.0,0.9,0.1357,0.9023,0.4157,0.317,0.934,0.4692,0.6578,0.3422,3.15
EXPANDED_COMMON,Logistic_Regression,L2_C10.0,0.95,0.0964,0.9505,0.2857,0.2857,0.9505,0.4394,0.7689,0.2311,3.5
EXPANDED_COMMON,GAM,GAM_splines10_lam10.0,0.8,0.1907,0.8032,0.5433,0.3458,0.9018,0.4835,0.5368,0.4632,2.89
EXPANDED_COMMON,GAM,GAM_splines10_lam10.0,0.85,0.1652,0.8527,0.4821,0.3311,0.9159,0.477,0.5953,0.4047,3.02
EXPANDED_COMMON,GAM,GAM_splines10_lam10.0,0.9,0.1377,0.9036,0.4193,0.3187,0.9354,0.4712,0.6553,0.3447,3.14
EXPANDED_COMMON,GAM,GAM_splines10_lam10.0,0.95,0.0886,0.9505,0.2825,0.2848,0.9499,0.4383,0.7713,0.2287,3.51
EXPANDED_COMMON,DLNN,DLNN_16_8_drop0.0,0.8,0.2064,0.8005,0.5461,0.3465,0.9011,0.4836,0.534,0.466,2.89
EXPANDED_COMMON,DLNN,DLNN_16_8_drop0.0,0.85,0.175,0.8527,0.4926,0.3356,0.9175,0.4817,0.5873,0.4127,2.98
EXPANDED_COMMON,DLNN,DLNN_16_8_drop0.0,0.9,0.1377,0.9009,0.4113,0.3151,0.9325,0.4669,0.6609,0.3391,3.17
EXPANDED_COMMON,DLNN,DLNN_16_8_drop0.0,0.95,0.0846,0.9505,0.2845,0.2854,0.9503,0.4389,0.7698,0.2302,3.5
