SEQN,fold
130378,2
130386,5
130387,3
130388,2
130390,1
130392,1
130393,2
130394,5
130395,5
130396,4
130398,4
130399,5
130404,5
130406,3
130408,4
130409,5
130413,5
130416,3
130418,4
130420,4
130430,3
130437,2
130442,1
130443,5
130444,5
130449,3
130456,1
130457,3
130465,5
130466,2
130467,2
130473,3
130474,5
130477,2
130478,5
130491,4
130492,1
130493,1
130495,4
130503,4
130508,1
130515,3
130517,2
130520,2
130522,3
130523,4
130530,4
130537,5
130538,1
130541,2
130545,3
130547,2
130552,3
130553,1
130558,5
130559,4
130563,2
130566,2
130568,1
130570,2
130576,1
130577,1
130579,1
130582,4
130585,1
130587,4
130588,3
130590,2
130596,2
130600,4
130601,5
130606,3
130609,1
130611,1
130616,2
130617,4
130619,2
130623,3
130634,5
130636,5
130637,3
130640,3
130642,1
130644,2
130645,3
130646,5
130651,3
130652,5
130654,5
130655,5
130662,4
130671,1
130674,1
130676,5
130683,4
130686,3
130688,2
130690,5
130691,1
130692,4
130697,2
130701,4
130707,3
130708,4
130710,4
130711,3
130715,2
130717,5
130730,2
130734,5
130744,2
130745,3
130759,4
130760,5
130762,3
130767,3
130768,4
130769,5
130771,4
130775,5
130776,4
130777,1
130779,1
130780,3
130782,1
130785,1
130788,1
130796,3
130797,4
130801,5
130805,2
130807,2
130810,1
130827,3
130828,3
130830,5
130832,2
130833,2
130834,4
130841,3
130843,3
130848,1
130856,2
130863,2
130864,1
130865,3
130868,5
130879,4
130884,3
130890,3
130893,4
130895,4
130899,3
130900,2
130901,5
130904,4
130908,3
130910,4
130911,3
130912,3
130915,2
130918,4
130920,5
130923,1
130924,4
130926,5
130930,2
130931,5
130932,3
130933,5
130934,2
130936,1
130943,5
130947,4
130948,1
130951,4
130952,1
130960,2
130963,5
130964,2
130966,2
130968,2
130970,2
130974,4
130975,3
130977,2
130981,3
130985,5
130991,4
130992,4
131001,2
131002,3
131006,1
131010,5
131014,4
131017,3
131023,3
131025,4
131031,1
131033,2
131034,3
131035,2
131041,4
131046,1
131050,2
131054,5
131056,1
131057,3
131061,2
131063,3
131065,1
131070,5
131077,1
131079,4
131082,1
131083,1
131084,5
131093,3
131094,5
131106,4
131108,1
131112,2
131117,5
131124,1
131126,1
131127,3
131129,2
131131,3
131139,4
131144,1
131147,2
131148,1
131159,3
131160,2
131163,5
131169,4
131181,5
131183,1
131191,3
131194,4
131196,5
131200,3
131202,5
131203,3
131211,5
131220,3
131225,2
131227,4
131240,1
131241,1
131242,4
131248,1
131251,2
131256,3
131258,5
131263,2
131268,5
131269,2
131270,2
131271,5
131273,1
131277,4
131284,1
131290,5
131291,4
131292,4
131293,2
131298,3
131300,3
131301,3
131302,1
131305,5
131307,2
131308,1
131309,1
131322,3
131323,5
131328,1
131334,4
131342,2
131351,2
131352,3
131353,3
131359,1
131363,1
131366,4
131367,4
131373,4
131387,4
131389,5
131391,3
131393,4
131394,1
131396,3
131401,5
131408,4
131410,3
131411,1
131412,4
131414,5
131416,1
131418,4
131421,2
131422,5
131427,1
131431,5
131432,5
131437,4
131442,1
131444,1
131446,2
131449,1
131453,1
131456,4
131458,4
131459,3
131460,3
131462,3
131464,2
131468,2
131469,1
131471,3
131476,3
131479,3
131481,5
131491,4
131495,5
131498,3
131501,1
131508,2
131509,3
131510,3
131512,3
131514,3
131518,5
131519,5
131536,2
131540,2
131541,2
131542,2
131548,3
131549,3
131550,2
131551,5
131554,3
131556,5
131557,1
131560,5
131561,3
131567,1
131568,1
131569,1
131571,1
131577,4
131584,2
131586,5
131588,2
131592,3
131593,3
131594,4
131602,4
131605,5
131607,3
131614,2
131615,2
131616,5
131619,5
131626,4
131629,5
131630,4
131639,5
131642,5
131643,3
131645,5
131646,5
131647,5
131648,5
131649,1
131650,2
131654,4
131656,5
131658,2
131664,1
131670,1
131671,2
131675,4
131676,3
131677,3
131680,1
131681,5
131684,4
131689,1
131691,1
131694,3
131695,2
131697,3
131699,5
131700,5
131708,2
131709,2
131710,1
131711,1
131713,1
131714,3
131715,3
131716,1
131723,4
131727,1
131731,4
131738,4
131739,5
131742,4
131746,2
131752,3
131756,1
131759,3
131760,3
131762,4
131768,2
131775,4
131776,1
131782,2
131783,3
131785,1
131787,4
131788,3
131790,2
131791,4
131792,2
131796,1
131798,2
131799,4
131800,4
131803,4
131806,5
131807,1
131808,4
131812,2
131814,1
131823,3
131835,1
131844,4
131848,2
131852,4
131855,1
131856,3
131862,5
131867,1
131874,1
131875,5
131880,3
131884,5
131902,1
131904,5
131905,1
131911,4
131916,3
131922,3
131923,2
131929,4
131936,2
131937,3
131938,4
131944,3
131945,2
131947,2
131948,5
131954,5
131955,4
131958,1
131962,1
131967,2
131974,3
131975,5
131976,1
131979,5
131985,2
131987,5
131991,2
131992,5
131997,2
131998,4
131999,4
132001,1
132007,3
132008,3
132010,5
132011,4
132014,5
132017,2
132021,4
132028,1
132029,2
132032,2
132033,1
132036,1
132041,4
132045,4
132046,5
132055,2
132056,4
132059,5
132063,4
132064,3
132065,3
132067,4
132072,1
132074,4
132080,2
132085,3
132087,2
132089,4
132092,5
132097,1
132098,3
132099,2
132102,1
132105,1
132110,3
132116,5
132121,1
132124,5
132126,3
132127,2
132132,3
132138,3
132141,1
132159,5
132162,1
132165,5
132167,4
132168,2
132170,3
132171,1
132172,5
132177,3
132178,4
132180,3
132186,1
132188,2
132189,1
132194,2
132198,4
132201,1
132206,4
132207,3
132215,1
132221,1
132222,3
132226,3
132233,5
132239,3
132248,4
132250,5
132251,1
132256,4
132260,5
132264,4
132267,2
132272,4
132273,1
132278,5
132280,1
132282,1
132286,5
132291,3
132296,5
132297,2
132298,5
132303,1
132304,3
132309,4
132310,1
132312,1
132316,2
132317,2
132318,2
132321,3
132325,3
132331,4
132336,1
132337,1
132340,3
132351,3
132353,1
132356,2
132363,2
132373,3
132375,1
132377,4
132382,3
132383,5
132389,1
132391,5
132392,4
132397,2
132399,3
132403,4
132406,5
132407,1
132408,1
132412,5
132416,1
132417,5
132418,1
132419,4
132421,4
132425,1
132429,5
132432,4
132435,4
132444,3
132450,4
132451,2
132456,2
132458,3
132461,2
132463,1
132467,1
132469,3
132474,4
132477,2
132486,4
132491,5
132499,4
132500,1
132507,5
132508,1
132510,3
132513,3
132516,5
132518,3
132521,3
132525,2
132526,1
132529,4
132533,2
132534,5
132540,4
132550,4
132552,1
132553,1
132554,1
132560,1
132572,1
132573,5
132579,2
132584,5
132587,1
132591,2
132594,4
132610,2
132612,1
132614,1
132618,1
132622,1
132623,4
132628,4
132632,3
132635,3
132638,1
132639,4
132641,2
132642,2
132645,5
132646,1
132651,3
132655,2
132662,2
132666,1
132667,5
132669,4
132678,4
132679,4
132687,5
132691,1
132692,4
132693,4
132694,4
132696,5
132706,3
132710,2
132720,5
132723,5
132725,5
132738,1
132741,2
132745,3
132746,2
132748,5
132750,3
132756,1
132757,5
132758,2
132763,4
132771,2
132772,4
132784,2
132793,5
132801,5
132802,4
132804,2
132805,2
132807,5
132808,5
132810,4
132814,2
132815,2
132817,4
132818,4
132820,2
132825,4
132827,4
132829,5
132835,5
132838,3
132840,2
132850,4
132851,3
132855,4
132862,3
132868,5
132870,1
132872,2
132873,5
132875,1
132876,5
132885,5
132895,1
132900,2
132908,1
132910,4
132911,4
132913,2
132914,1
132916,4
132920,1
132921,4
132924,2
132928,5
132929,1
132930,2
132931,4
132932,1
132934,3
132937,4
132941,3
132942,5
132950,4
132952,4
132964,1
132965,3
132970,1
132971,3
132972,1
132977,1
132979,1
132983,5
132985,3
132990,4
132991,2
132994,1
132995,2
133001,1
133009,2
133013,5
133019,5
133020,5
133022,5
133027,5
133028,5
133030,4
133031,1
133035,2
133040,1
133041,5
133042,5
133044,2
133048,5
133049,3
133053,3
133056,1
133057,3
133058,3
133065,3
133066,4
133068,2
133069,5
133071,1
133074,2
133076,1
133077,4
133080,2
133082,4
133086,2
133089,5
133091,5
133095,5
133098,1
133100,3
133104,3
133106,1
133109,2
133111,4
133112,4
133114,3
133115,1
133125,4
133127,4
133129,2
133133,2
133134,2
133135,2
133139,1
133140,2
133143,2
133144,2
133147,5
133150,3
133151,4
133160,2
133161,3
133169,5
133174,3
133178,3
133179,1
133181,5
133182,3
133183,4
133185,1
133188,3
133193,1
133194,5
133198,2
133206,4
133209,4
133215,1
133222,4
133229,1
133231,1
133233,3
133235,4
133236,2
133243,3
133246,1
133249,4
133250,2
133251,1
133255,4
133261,5
133265,4
133271,3
133273,5
133277,2
133279,4
133283,2
133284,1
133289,1
133291,5
133293,1
133299,4
133300,5
133305,4
133311,2
133314,2
133315,1
133317,4
133318,1
133320,5
133325,5
133334,5
133342,4
133343,1
133344,1
133348,5
133350,5
133352,3
133357,5
133358,2
133360,1
133366,4
133370,3
133373,5
133378,2
133379,3
133386,4
133388,4
133389,3
133390,1
133396,4
133398,1
133400,5
133406,5
133418,4
133421,5
133425,4
133438,4
133439,2
133440,4
133448,1
133453,4
133457,2
133459,3
133461,5
133465,3
133470,3
133472,2
133476,5
133479,1
133481,2
133486,5
133489,1
133492,1
133496,2
133506,3
133520,4
133529,3
133530,1
133531,3
133535,5
133537,1
133543,1
133544,4
133545,2
133548,3
133550,2
133551,5
133554,2
133556,4
133560,2
133563,1
133565,4
133570,2
133584,5
133588,2
133590,1
133603,4
133613,5
133617,3
133622,2
133627,3
133628,4
133630,2
133637,1
133638,4
133640,4
133641,4
133642,3
133646,1
133648,5
133650,5
133657,3
133683,3
133684,3
133688,4
133690,4
133692,2
133693,4
133694,1
133700,5
133704,5
133706,2
133707,5
133712,3
133713,1
133715,2
133717,2
133718,3
133725,4
133727,5
133730,3
133731,1
133733,2
133741,2
133748,4
133753,3
133760,3
133762,2
133764,4
133765,5
133766,3
133769,2
133772,5
133774,1
133775,3
133776,5
133777,3
133778,4
133779,3
133780,4
133781,2
133783,1
133786,5
133787,3
133791,3
133796,5
133800,3
133801,2
133802,3
133806,4
133808,1
133810,5
133811,2
133821,3
133826,4
133835,3
133836,5
133838,5
133839,5
133841,1
133843,1
133852,4
133856,1
133857,5
133858,3
133859,2
133861,5
133862,4
133865,1
133893,2
133894,5
133911,4
133912,5
133915,2
133916,2
133919,4
133923,1
133925,1
133930,2
133933,2
133934,5
133936,3
133937,3
133938,2
133945,3
133955,1
133956,1
133957,3
133969,3
133971,2
133972,3
133978,3
133984,2
133992,5
133994,5
133995,3
133999,4
134002,5
134003,3
134022,3
134023,3
134024,5
134025,5
134029,5
134037,3
134040,2
134046,5
134047,3
134048,3
134054,3
134056,1
134064,3
134068,2
134072,3
134075,1
134080,1
134081,4
134082,4
134083,1
134084,1
134088,2
134091,4
134092,3
134099,4
134106,2
134110,5
134113,3
134114,3
134119,5
134129,2
134135,1
134142,3
134148,4
134149,4
134164,5
134168,3
134171,3
134172,1
134173,3
134176,5
134181,3
134183,1
134184,1
134188,1
134193,3
134197,5
134198,1
134201,3
134203,1
134206,1
134209,1
134210,1
134215,4
134217,4
134222,1
134231,2
134234,4
134237,2
134240,3
134241,2
134244,4
134250,3
134254,1
134255,3
134264,3
134265,1
134266,5
134268,2
134272,4
134273,3
134280,4
134281,3
134282,5
134292,5
134296,5
134297,5
134302,5
134303,2
134306,5
134307,5
134311,3
134314,4
134324,4
134327,1
134332,2
134334,4
134340,1
134343,5
134345,1
134350,3
134353,4
134362,1
134366,1
134369,3
134373,2
134379,1
134381,2
134383,1
134392,4
134398,3
134400,5
134401,4
134404,3
134405,2
134406,5
134407,1
134409,3
134411,2
134413,4
134425,5
134427,1
134435,1
134441,5
134443,3
134446,2
134452,1
134453,4
134454,1
134456,2
134462,1
134464,5
134466,4
134467,1
134468,1
134471,2
134472,2
134475,1
134477,3
134478,3
134482,1
134489,5
134490,4
134493,2
134495,3
134496,4
134501,5
134502,2
134503,4
134507,3
134514,1
134517,3
134529,1
134532,1
134533,2
134545,1
134551,2
134554,2
134555,5
134564,1
134566,5
134571,3
134572,2
134583,4
134585,3
134587,3
134590,4
134591,1
134594,2
134604,3
134606,2
134613,3
134626,5
134635,2
134645,2
134646,2
134651,1
134656,2
134660,1
134666,5
134668,2
134671,1
134676,4
134683,2
134691,2
134695,1
134696,1
134703,5
134704,2
134708,5
134711,5
134712,2
134713,2
134715,1
134716,5
134723,2
134727,2
134729,3
134734,2
134742,2
134744,2
134746,1
134748,1
134751,1
134757,5
134760,5
134765,5
134769,4
134781,5
134791,4
134802,4
134804,3
134813,1
134817,5
134821,1
134824,3
134826,1
134827,3
134828,2
134836,3
134839,2
134850,5
134851,5
134857,5
134858,1
134874,3
134877,3
134886,5
134891,1
134894,4
134899,4
134902,2
134906,3
134910,4
134916,4
134917,2
134919,1
134926,3
134928,4
134929,4
134935,5
134940,5
134942,2
134947,3
134962,2
134965,4
134966,4
134967,1
134969,5
134970,1
134978,3
134980,5
134987,3
134989,5
134991,1
134995,4
134998,2
135010,1
135013,5
135016,3
135020,1
135021,4
135023,1
135025,2
135028,3
135032,5
135035,5
135036,5
135037,1
135039,4
135042,1
135048,3
135052,5
135053,2
135057,2
135064,4
135065,2
135066,1
135071,5
135072,4
135077,1
135087,1
135092,5
135094,5
135095,4
135098,5
135100,2
135101,5
135103,2
135108,4
135110,3
135112,4
135117,4
135119,4
135126,2
135132,5
135134,3
135137,1
135141,3
135146,3
135149,1
135152,2
135153,1
135155,4
135159,2
135161,3
135170,3
135172,2
135173,2
135174,2
135183,4
135184,4
135185,5
135192,3
135195,3
135197,2
135198,5
135200,3
135203,2
135207,1
135210,5
135213,4
135217,4
135219,5
135220,2
135222,1
135227,2
135236,3
135238,2
135239,3
135244,4
135245,4
135248,5
135249,1
135250,2
135251,3
135255,3
135262,3
135270,5
135275,3
135281,4
135287,4
135291,3
135292,3
135295,5
135300,4
135305,5
135308,4
135312,2
135314,5
135316,3
135317,5
135318,2
135321,2
135324,1
135332,1
135336,5
135339,1
135344,4
135348,3
135350,3
135351,3
135353,4
135364,4
135366,5
135369,1
135372,3
135375,5
135376,4
135381,5
135382,1
135388,5
135390,3
135392,5
135395,5
135399,5
135401,1
135409,2
135411,3
135414,1
135419,3
135422,2
135423,5
135425,3
135427,1
135432,3
135437,2
135441,1
135447,4
135454,5
135460,5
135466,2
135467,4
135469,3
135470,3
135477,2
135479,4
135484,2
135485,2
135498,1
135500,3
135502,4
135503,1
135505,2
135508,4
135512,5
135517,3
135522,3
135528,3
135529,2
135533,3
135537,4
135539,1
135540,5
135541,1
135542,1
135545,4
135546,2
135548,4
135550,3
135551,5
135552,3
135556,3
135560,5
135571,2
135573,5
135583,5
135586,3
135589,3
135593,3
135597,3
135599,4
135609,3
135616,3
135619,4
135621,2
135631,3
135637,3
135639,1
135640,2
135641,2
135644,2
135645,2
135653,1
135654,1
135669,2
135671,5
135674,3
135675,2
135680,4
135682,1
135687,2
135692,4
135693,4
135695,1
135699,1
135700,3
135702,2
135704,1
135706,1
135709,5
135719,1
135724,2
135726,4
135741,5
135743,1
135747,4
135749,1
135761,1
135768,2
135770,3
135787,3
135792,3
135794,5
135798,3
135801,3
135804,5
135806,1
135807,1
135809,4
135811,5
135821,1
135822,2
135830,3
135832,5
135834,1
135839,2
135841,5
135844,2
135846,5
135848,2
135849,5
135851,1
135853,1
135855,4
135858,4
135865,1
135867,2
135868,3
135877,5
135881,3
135882,3
135885,3
135886,1
135888,2
135890,3
135891,3
135902,3
135906,2
135914,2
135916,5
135919,1
135937,2
135938,2
135940,1
135941,3
135943,2
135945,2
135946,4
135957,4
135959,4
135960,2
135966,4
135969,1
135972,2
135973,3
135982,1
135983,4
135985,1
135987,4
135991,3
135992,3
135993,3
135997,4
135998,2
136000,3
136001,3
136002,3
136004,1
136013,5
136014,3
136018,1
136036,3
136042,2
136045,5
136051,4
136053,5
136054,3
136058,3
136059,1
136060,3
136073,5
136084,3
136087,3
136093,5
136094,2
136095,3
136097,1
136101,5
136107,2
136114,5
136115,1
136116,4
136118,4
136120,1
136124,5
136125,4
136130,3
136132,4
136133,3
136139,5
136141,4
136142,3
136144,4
136148,2
136152,1
136161,4
136176,5
136186,1
136188,4
136189,3
136190,2
136191,5
136192,3
136194,5
136198,3
136201,5
136205,1
136210,2
136211,5
136220,2
136223,3
136227,3
136240,1
136244,4
136249,5
136252,5
136254,4
136255,2
136257,2
136260,5
136266,4
136267,4
136268,2
136271,4
136274,1
136278,5
136279,4
136287,4
136291,2
136293,2
136296,3
136299,5
136301,5
136305,4
136307,5
136308,3
136310,4
136312,2
136318,5
136323,2
136333,2
136334,1
136336,4
136337,4
136341,3
136346,1
136353,2
136354,5
136360,1
136361,3
136364,4
136365,2
136366,3
136369,3
136370,4
136373,5
136378,4
136384,1
136389,3
136392,5
136397,5
136401,3
136402,3
136407,3
136409,2
136412,1
136417,3
136419,1
136422,1
136424,5
136426,4
136429,1
136435,3
136439,3
136448,4
136449,4
136453,3
136455,1
136457,2
136458,2
136461,4
136462,3
136466,3
136467,2
136474,4
136477,5
136489,1
136490,2
136492,1
136496,3
136499,4
136502,2
136509,3
136510,5
136512,3
136521,3
136522,5
136527,2
136528,5
136534,3
136536,1
136540,2
136541,3
136542,1
136546,5
136549,5
136553,4
136556,5
136561,4
136562,4
136568,2
136571,2
136572,2
136579,4
136589,2
136591,4
136592,5
136603,1
136609,2
136616,2
136625,1
136628,5
136631,3
136634,2
136636,3
136637,2
136638,5
136642,4
136643,4
136647,1
136652,1
136655,1
136660,4
136663,2
136667,1
136668,1
136673,2
136675,4
136679,2
136688,2
136696,2
136697,1
136698,4
136701,1
136703,4
136705,5
136709,1
136720,4
136723,1
136728,1
136731,3
136734,3
136735,2
136739,3
136740,4
136744,3
136745,5
136747,3
136748,3
136752,1
136753,4
136755,3
136757,4
136758,4
136762,1
136770,4
136774,4
136781,4
136783,1
136788,4
136791,1
136794,1
136797,4
136801,3
136802,2
136803,4
136812,1
136817,4
136818,4
136821,4
136826,3
136828,3
136837,1
136838,1
136840,5
136848,2
136850,5
136854,4
136855,1
136864,5
136866,4
136872,3
136874,5
136883,1
136887,5
136888,3
136898,4
136906,1
136910,5
136911,2
136917,4
136918,4
136929,2
136930,4
136939,3
136942,1
136943,3
136947,3
136950,2
136951,2
136953,2
136954,1
136956,3
136959,5
136968,1
136969,2
136973,1
136975,5
136976,5
136978,2
136980,1
136982,1
136984,2
136987,1
136990,4
136993,3
136994,2
136997,2
136998,2
137005,4
137008,3
137010,1
137022,2
137027,5
137031,3
137045,1
137048,2
137051,3
137052,3
137057,4
137059,1
137065,1
137068,4
137076,5
137077,3
137083,3
137084,3
137091,1
137102,2
137106,5
137110,2
137123,3
137125,1
137126,5
137136,5
137137,4
137139,2
137140,4
137146,5
137149,4
137153,5
137157,5
137160,3
137176,4
137177,5
137180,4
137191,4
137193,4
137194,2
137198,5
137208,2
137212,5
137213,5
137214,1
137218,5
137220,5
137232,5
137237,3
137240,1
137241,5
137246,5
137249,4
137250,1
137251,4
137252,4
137253,2
137255,5
137261,1
137268,5
137270,3
137271,5
137272,3
137276,4
137279,3
137280,2
137283,3
137284,2
137288,2
137293,1
137295,1
137300,2
137301,4
137302,5
137303,3
137304,2
137306,2
137308,3
137309,1
137311,2
137314,5
137316,1
137318,4
137323,5
137325,4
137331,2
137333,2
137335,3
137337,2
137339,1
137344,3
137345,4
137348,5
137351,3
137355,5
137374,2
137375,3
137378,3
137381,4
137383,5
137386,4
137387,1
137395,2
137396,4
137401,5
137403,3
137409,1
137410,2
137411,1
137414,5
137415,2
137417,3
137419,2
137424,2
137428,4
137432,2
137443,3
137446,5
137451,1
137453,5
137464,1
137468,5
137473,4
137476,2
137477,5
137480,4
137483,3
137488,1
137493,2
137495,3
137497,4
137499,2
137500,4
137501,5
137504,4
137508,5
137509,1
137510,4
137517,4
137518,4
137519,3
137520,4
137523,3
137530,2
137531,5
137532,4
137534,3
137537,2
137541,4
137544,2
137550,4
137559,2
137564,4
137566,1
137568,2
137569,1
137571,5
137573,4
137575,3
137579,4
137580,3
137581,5
137585,1
137590,3
137592,2
137593,1
137595,2
137597,5
137598,4
137602,1
137613,4
137614,3
137615,5
137617,4
137625,1
137626,2
137629,2
137632,3
137635,3
137643,2
137644,1
137649,3
137650,1
137652,5
137653,2
137654,5
137655,4
137657,1
137659,5
137663,3
137664,5
137667,5
137670,2
137675,1
137680,1
137683,2
137698,2
137706,2
137711,4
137713,1
137718,4
137721,4
137722,3
137723,3
137725,2
137729,5
137730,3
137737,1
137738,5
137745,2
137748,5
137749,5
137752,5
137756,3
137757,5
137761,2
137765,4
137767,5
137768,2
137771,3
137774,5
137777,4
137781,1
137784,2
137788,1
137791,5
137793,1
137794,2
137799,5
137803,5
137808,5
137809,4
137812,1
137814,2
137815,3
137816,4
137818,2
137826,3
137829,1
137831,1
137834,2
137835,2
137838,2
137841,1
137845,5
137849,5
137850,1
137851,4
137856,4
137862,4
137865,3
137869,5
137871,5
137873,2
137876,4
137877,3
137879,2
137881,3
137882,4
137884,1
137885,4
137886,5
137890,3
137891,5
137892,2
137893,4
137894,3
137895,5
137901,5
137903,2
137905,5
137906,5
137909,1
137910,1
137914,4
137926,4
137928,4
137936,5
137939,4
137942,3
137943,5
137947,3
137948,4
137949,2
137950,2
137953,4
137965,1
137967,5
137972,3
137974,1
137976,4
137979,2
137985,5
137988,1
137990,2
137996,1
137999,4
138000,1
138005,5
138009,5
138012,2
138015,2
138016,1
138017,5
138022,2
138027,5
138028,4
138031,2
138034,1
138037,4
138044,1
138046,2
138048,2
138051,4
138053,3
138054,4
138063,4
138073,2
138080,1
138081,4
138083,1
138084,5
138086,2
138090,1
138100,2
138102,5
138104,3
138106,5
138111,3
138114,1
138117,3
138119,5
138124,3
138132,3
138136,4
138138,3
138140,5
138146,2
138147,2
138150,1
138152,3
138153,3
138154,5
138156,2
138158,2
138159,1
138163,4
138166,4
138167,4
138171,3
138175,2
138180,1
138181,4
138185,1
138191,3
138192,1
138194,3
138195,2
138197,2
138198,1
138207,3
138209,2
138211,1
138214,2
138218,4
138220,5
138221,3
138232,4
138236,5
138240,3
138241,5
138244,2
138247,4
138249,4
138250,2
138253,3
138262,5
138263,4
138271,3
138283,4
138285,4
138286,1
138288,2
138290,4
138291,5
138292,5
138300,5
138302,1
138308,4
138315,3
138316,3
138324,4
138330,2
138337,3
138341,2
138352,1
138356,4
138357,2
138359,5
138364,3
138367,2
138369,4
138372,3
138376,4
138377,5
138384,1
138390,3
138395,4
138398,3
138402,1
138405,4
138408,1
138409,3
138413,5
138414,1
138415,3
138416,5
138421,1
138425,2
138426,2
138439,4
138440,3
138444,5
138447,1
138449,3
138451,5
138458,5
138465,4
138466,4
138467,1
138469,4
138474,5
138476,5
138480,2
138483,4
138485,5
138486,5
138490,4
138498,1
138501,2
138502,4
138520,4
138521,2
138536,2
138542,4
138543,3
138548,5
138556,3
138565,4
138567,5
138573,2
138578,2
138586,1
138596,5
138600,3
138601,4
138602,1
138609,1
138611,1
138613,1
138617,2
138618,4
138629,2
138631,1
138633,2
138636,1
138637,2
138639,5
138647,4
138658,2
138659,5
138660,1
138668,3
138671,2
138673,5
138679,2
138680,3
138681,4
138689,1
138690,1
138703,4
138711,1
138712,5
138717,4
138718,1
138720,1
138723,3
138724,3
138725,1
138727,5
138728,1
138730,3
138732,4
138736,5
138738,4
138739,1
138740,2
138743,5
138744,3
138745,4
138748,4
138749,4
138750,4
138751,1
138752,5
138756,1
138761,2
138763,1
138765,2
138774,4
138775,5
138781,3
138791,2
138793,2
138794,5
138804,2
138805,2
138808,3
138811,3
138812,3
138814,4
138816,3
138825,4
138830,2
138832,4
138839,1
138841,4
138845,3
138846,3
138847,2
138852,5
138853,1
138856,1
138858,2
138859,1
138868,2
138871,4
138872,2
138877,2
138878,4
138879,5
138882,1
138883,4
138888,4
138889,1
138890,5
138893,3
138894,3
138895,4
138896,2
138897,3
138902,5
138907,5
138910,2
138916,1
138921,4
138928,1
138929,4
138931,1
138937,4
138940,1
138941,2
138942,1
138946,3
138947,1
138949,4
138953,2
138956,1
138959,4
138960,5
138963,5
138965,4
138969,3
138971,1
138973,1
138978,4
138983,2
138998,2
139001,2
139003,1
139004,1
139009,3
139010,4
139011,5
139013,2
139016,2
139024,2
139036,5
139037,5
139042,2
139048,3
139049,5
139061,1
139062,1
139066,3
139067,5
139072,3
139076,1
139078,5
139079,2
139081,4
139082,3
139093,1
139096,4
139097,4
139104,1
139111,1
139115,4
139118,5
139119,2
139120,2
139121,5
139122,4
139124,5
139125,1
139128,5
139129,1
139130,1
139132,2
139133,3
139136,5
139138,1
139139,4
139140,3
139145,2
139148,1
139150,3
139157,5
139160,5
139162,3
139171,1
139172,2
139174,5
139179,4
139180,2
139182,5
139184,3
139188,2
139194,1
139195,1
139197,5
139208,1
139209,3
139211,4
139213,2
139221,1
139223,1
139224,2
139225,1
139227,5
139229,4
139234,5
139235,1
139236,1
139246,4
139252,1
139259,5
139264,5
139268,5
139274,3
139285,1
139287,3
139292,4
139300,2
139301,4
139303,5
139304,5
139309,1
139314,4
139315,4
139317,1
139319,3
139321,3
139322,5
139323,1
139326,3
139329,2
139331,5
139332,3
139336,2
139337,1
139338,4
139339,5
139343,3
139346,3
139351,4
139352,2
139356,4
139366,4
139370,2
139373,4
139374,4
139376,4
139383,1
139387,2
139388,2
139401,1
139416,1
139418,5
139421,2
139423,5
139424,1
139425,4
139437,4
139443,3
139450,4
139459,1
139461,3
139462,1
139464,5
139465,2
139467,2
139470,1
139473,1
139479,5
139483,2
139488,4
139489,3
139491,1
139493,1
139494,3
139504,2
139508,1
139509,5
139510,1
139522,3
139523,1
139524,4
139525,1
139527,4
139537,3
139539,1
139543,4
139546,5
139551,3
139553,5
139559,5
139561,3
139565,3
139568,5
139570,5
139571,1
139574,1
139579,4
139584,4
139585,4
139586,2
139587,1
139593,2
139595,4
139596,1
139597,5
139601,3
139603,5
139604,4
139605,4
139608,4
139609,2
139613,2
139616,2
139619,2
139621,4
139623,1
139630,4
139636,5
139638,4
139640,3
139650,3
139651,3
139658,2
139660,1
139663,4
139665,4
139667,2
139674,1
139679,1
139680,2
139686,2
139689,2
139693,3
139699,3
139705,2
139706,1
139707,4
139717,5
139720,5
139723,3
139728,3
139735,2
139737,3
139743,1
139745,2
139752,4
139753,3
139754,5
139764,5
139774,1
139777,2
139786,2
139789,2
139793,3
139795,3
139796,2
139802,4
139814,1
139819,4
139820,2
139825,2
139829,5
139830,4
139833,4
139840,5
139844,3
139849,3
139851,5
139854,5
139856,3
139857,4
139861,3
139868,3
139871,4
139874,4
139879,5
139881,3
139886,4
139888,3
139889,5
139890,1
139897,3
139900,2
139901,5
139915,3
139918,3
139920,2
139921,4
139922,5
139926,1
139931,3
139936,3
139939,2
139941,2
139942,3
139964,2
139967,2
139969,3
139978,4
139982,3
139983,1
139984,5
139987,4
139996,1
139997,4
139998,5
140000,3
140001,2
140006,2
140011,5
140014,4
140015,5
140016,5
140019,5
140020,2
140022,1
140025,1
140028,5
140032,2
140034,1
140038,3
140040,5
140041,4
140042,3
140043,3
140045,1
140059,1
140069,1
140071,1
140078,4
140081,1
140082,5
140088,4
140091,3
140094,3
140096,5
140097,5
140101,5
140104,3
140111,3
140112,3
140118,2
140121,5
140122,4
140130,3
140132,3
140133,2
140145,2
140148,5
140149,1
140152,1
140153,2
140155,5
140163,3
140165,5
140166,4
140169,3
140172,5
140173,3
140175,3
140176,3
140179,3
140180,5
140184,2
140194,1
140200,5
140215,2
140218,2
140219,2
140226,5
140230,1
140237,1
140238,1
140239,5
140243,4
140244,5
140246,1
140248,1
140249,3
140254,5
140262,4
140265,2
140266,2
140272,5
140276,5
140280,3
140281,4
140282,5
140283,2
140285,4
140286,1
140288,5
140291,1
140303,5
140304,2
140311,4
140313,3
140316,4
140317,2
140320,2
140322,1
140327,3
140330,4
140333,4
140341,2
140346,2
140347,2
140353,1
140354,1
140357,4
140360,5
140364,1
140369,5
140371,2
140379,4
140385,3
140386,4
140387,2
140392,1
140398,1
140400,3
140404,3
140406,5
140408,3
140409,5
140417,5
140420,5
140422,4
140424,5
140426,4
140428,2
140433,2
140436,1
140437,4
140444,1
140449,5
140451,1
140455,2
140466,3
140467,2
140470,5
140471,4
140476,4
140477,5
140478,1
140480,4
140485,5
140492,3
140494,4
140495,2
140499,5
140505,3
140507,5
140508,2
140512,4
140514,5
140518,2
140521,3
140523,2
140524,5
140527,2
140530,5
140539,4
140550,1
140554,2
140556,3
140558,5
140559,2
140561,3
140562,2
140566,1
140571,2
140576,3
140579,3
140583,1
140584,2
140586,5
140589,4
140595,2
140609,4
140611,3
140613,5
140615,1
140616,2
140618,5
140621,5
140625,4
140626,5
140627,3
140629,4
140630,2
140631,2
140637,1
140640,2
140641,5
140648,5
140664,5
140666,5
140667,2
140680,2
140682,3
140683,2
140684,3
140686,1
140689,4
140692,1
140694,1
140697,2
140698,2
140702,3
140709,2
140710,3
140711,3
140718,1
140720,4
140724,4
140726,3
140728,2
140729,2
140730,4
140731,5
140735,3
140753,2
140757,1
140760,2
140761,4
140762,5
140771,4
140773,2
140775,3
140786,3
140787,4
140788,2
140794,1
140801,1
140803,2
140805,1
140807,4
140813,4
140815,5
140817,2
140821,2
140823,4
140827,4
140829,2
140831,4
140832,4
140833,5
140836,3
140838,2
140844,5
140850,1
140851,2
140853,3
140854,1
140855,4
140856,2
140858,4
140862,5
140864,3
140865,3
140867,2
140870,5
140871,4
140873,4
140876,2
140878,5
140879,5
140884,1
140887,5
140888,5
140892,4
140893,2
140895,1
140897,3
140898,2
140902,2
140905,5
140906,4
140907,2
140910,1
140912,1
140913,3
140915,5
140920,5
140924,3
140925,3
140928,2
140930,5
140931,3
140941,1
140945,1
140946,5
140947,2
140948,2
140950,5
140953,1
140960,5
140961,3
140964,2
140970,2
140975,3
140985,1
140989,5
140995,4
140997,5
141006,5
141008,4
141011,5
141012,4
141014,3
141021,1
141025,2
141027,5
141030,2
141031,2
141032,5
141033,4
141037,3
141040,3
141041,3
141048,3
141050,5
141051,4
141058,3
141061,5
141065,5
141066,2
141070,3
141071,5
141072,4
141075,1
141077,4
141081,5
141093,2
141095,5
141096,2
141101,4
141113,4
141115,5
141120,4
141121,1
141122,5
141127,1
141129,1
141130,1
141131,3
141139,3
141141,4
141144,2
141146,2
141148,4
141151,1
141159,5
141163,5
141165,1
141166,3
141168,4
141169,5
141172,4
141176,4
141177,5
141178,5
141179,1
141180,5
141183,3
141187,4
141189,4
141194,3
141205,4
141208,2
141213,5
141214,1
141223,2
141224,5
141234,4
141236,1
141240,4
141244,3
141246,5
141250,1
141251,1
141253,4
141260,4
141261,2
141262,5
141263,4
141269,1
141270,1
141271,4
141272,4
141273,4
141274,1
141276,3
141283,4
141285,3
141287,5
141289,5
141290,2
141291,4
141293,1
141294,3
141295,3
141296,2
141297,5
141300,4
141302,1
141306,5
141307,1
141309,5
141311,1
141323,2
141324,1
141325,1
141328,1
141329,2
141330,2
141335,5
141337,3
141345,2
141347,4
141354,3
141358,4
141362,4
141365,2
141368,5
141372,3
141375,4
141378,4
141383,2
141385,4
141386,5
141387,1
141393,2
141396,1
141397,5
141401,2
141403,2
141405,4
141407,4
141408,3
141415,5
141417,3
141418,5
141420,4
141428,5
141435,3
141442,5
141444,4
141446,4
141454,2
141465,2
141468,3
141469,1
141477,1
141478,2
141482,3
141483,3
141484,2
141488,3
141489,4
141496,4
141497,2
141499,5
141502,3
141505,3
141508,3
141511,5
141515,1
141525,3
141528,2
141532,4
141535,3
141547,4
141549,3
141550,5
141555,3
141558,5
141568,5
141579,4
141580,3
141581,3
141583,2
141585,4
141589,4
141590,4
141592,1
141594,3
141595,3
141596,2
141597,4
141602,5
141614,4
141617,4
141625,5
141626,1
141634,2
141641,2
141648,2
141655,3
141660,4
141673,3
141675,1
141676,1
141681,1
141684,2
141703,1
141713,3
141721,5
141728,2
141732,4
141734,3
141736,1
141737,2
141742,4
141745,4
141746,5
141750,1
141757,2
141765,4
141769,5
141770,1
141772,2
141777,4
141783,5
141793,3
141795,2
141796,1
141801,5
141811,5
141812,5
141813,4
141818,1
141819,5
141825,1
141834,4
141843,1
141844,3
141846,1
141847,3
141851,3
141856,3
141860,4
141862,3
141866,3
141869,1
141871,4
141873,3
141878,1
141884,1
141885,5
141886,2
141889,5
141894,4
141896,2
141901,5
141902,2
141903,3
141908,5
141914,2
141915,1
141916,5
141918,2
141922,2
141924,3
141932,1
141934,5
141938,2
141941,5
141944,4
141951,1
141957,5
141958,2
141960,3
141966,5
141969,4
141974,1
141980,1
141981,4
141984,5
141992,2
141993,5
141994,3
141999,4
142019,3
142021,4
142024,2
142030,2
142032,4
142033,4
142036,4
142037,1
142042,4
142047,5
142050,1
142051,2
142056,3
142058,3
142063,5
142067,2
142068,3
142074,4
142080,1
142085,4
142088,5
142091,2
142106,5
142112,3
142119,5
142122,5
142129,5
142132,2
142145,3
142148,3
142151,1
142169,2
142172,4
142176,1
142177,2
142178,2
142186,1
142189,4
142191,3
142198,2
142200,4
142203,3
142206,1
142208,2
142211,5
142214,4
142216,1
142221,1
142232,3
142236,5
142239,2
142242,3
142245,5
142247,5
142252,3
142253,5
142255,1
142259,2
142263,2
142266,4
142267,4
142268,1
142278,1
142279,1
142280,5
142283,3
142288,1
142289,3
142290,1
142293,5
142295,4
142300,3
142302,3
142309,3
142310,2
