SEQN,split
130378,development
130379,final_test
130386,development
130387,development
130388,development
130390,development
130391,final_test
130392,development
130393,development
130394,development
130395,development
130396,development
130398,development
130399,development
130404,development
130406,development
130407,final_test
130408,development
130409,development
130413,development
130416,development
130418,development
130419,final_test
130420,development
130430,development
130436,final_test
130437,development
130441,final_test
130442,development
130443,development
130444,development
130449,development
130453,final_test
130456,development
130457,development
130465,development
130466,development
130467,development
130473,development
130474,development
130477,development
130478,development
130491,development
130492,development
130493,development
130494,final_test
130495,development
130500,final_test
130502,final_test
130503,development
130506,final_test
130508,development
130515,development
130517,development
130520,development
130522,development
130523,development
130530,development
130537,development
130538,development
130541,development
130545,development
130546,final_test
130547,development
130552,development
130553,development
130555,final_test
130558,development
130559,development
130563,development
130566,development
130568,development
130570,development
130571,final_test
130576,development
130577,development
130579,development
130580,final_test
130582,development
130585,development
130587,development
130588,development
130590,development
130596,development
130600,development
130601,development
130606,development
130609,development
130611,development
130616,development
130617,development
130619,development
130621,final_test
130623,development
130628,final_test
130629,final_test
130634,development
130636,development
130637,development
130640,development
130642,development
130644,development
130645,development
130646,development
130651,development
130652,development
130654,development
130655,development
130656,final_test
130662,development
130668,final_test
130671,development
130674,development
130676,development
130683,development
130686,development
130688,development
130690,development
130691,development
130692,development
130697,development
130701,development
130707,development
130708,development
130710,development
130711,development
130715,development
130717,development
130720,final_test
130729,final_test
130730,development
130734,development
130744,development
130745,development
130754,final_test
130759,development
130760,development
130761,final_test
130762,development
130767,development
130768,development
130769,development
130771,development
130774,final_test
130775,development
130776,development
130777,development
130779,development
130780,development
130781,final_test
130782,development
130785,development
130788,development
130796,development
130797,development
130800,final_test
130801,development
130802,final_test
130805,development
130807,development
130810,development
130811,final_test
130827,development
130828,development
130829,final_test
130830,development
130832,development
130833,development
130834,development
130841,development
130842,final_test
130843,development
130848,development
130856,development
130863,development
130864,development
130865,development
130867,final_test
130868,development
130879,development
130881,final_test
130884,development
130890,development
130893,development
130895,development
130899,development
130900,development
130901,development
130904,development
130908,development
130910,development
130911,development
130912,development
130913,final_test
130915,development
130918,development
130920,development
130921,final_test
130923,development
130924,development
130926,development
130930,development
130931,development
130932,development
130933,development
130934,development
130936,development
130939,final_test
130941,final_test
130943,development
130947,development
130948,development
130951,development
130952,development
130956,final_test
130960,development
130961,final_test
130963,development
130964,development
130966,development
130968,development
130970,development
130974,development
130975,development
130977,development
130981,development
130985,development
130991,development
130992,development
130995,final_test
131001,development
131002,development
131005,final_test
131006,development
131010,development
131014,development
131017,development
131023,development
131025,development
131031,development
131032,final_test
131033,development
131034,development
131035,development
131041,development
131046,development
131048,final_test
131050,development
131054,development
131056,development
131057,development
131058,final_test
131059,final_test
131060,final_test
131061,development
131063,development
131065,development
131066,final_test
131070,development
131077,development
131079,development
131082,development
131083,development
131084,development
131085,final_test
131093,development
131094,development
131095,final_test
131097,final_test
131100,final_test
131102,final_test
131106,development
131108,development
131109,final_test
131112,development
131117,development
131120,final_test
131124,development
131126,development
131127,development
131129,development
131131,development
131139,development
131144,development
131147,development
131148,development
131157,final_test
131159,development
131160,development
131163,development
131164,final_test
131169,development
131177,final_test
131181,development
131183,development
131191,development
131194,development
131196,development
131200,development
131202,development
131203,development
131204,final_test
131211,development
131220,development
131225,development
131227,development
131228,final_test
131240,development
131241,development
131242,development
131248,development
131249,final_test
131251,development
131256,development
131258,development
131263,development
131268,development
131269,development
131270,development
131271,development
131273,development
131277,development
131283,final_test
131284,development
131290,development
131291,development
131292,development
131293,development
131296,final_test
131298,development
131300,development
131301,development
131302,development
131305,development
131307,development
131308,development
131309,development
131310,final_test
131322,development
131323,development
131328,development
131334,development
131339,final_test
131342,development
131351,development
131352,development
131353,development
131359,development
131363,development
131366,development
131367,development
131372,final_test
131373,development
131386,final_test
131387,development
131389,development
131391,development
131392,final_test
131393,development
131394,development
131396,development
131401,development
131408,development
131410,development
131411,development
131412,development
131414,development
131416,development
131418,development
131421,development
131422,development
131427,development
131428,final_test
131431,development
131432,development
131433,final_test
131437,development
131442,development
131444,development
131446,development
131449,development
131453,development
131456,development
131458,development
131459,development
131460,development
131462,development
131463,final_test
131464,development
131468,development
131469,development
131471,development
131476,development
131479,development
131481,development
131483,final_test
131491,development
131495,development
131498,development
131501,development
131508,development
131509,development
131510,development
131512,development
131514,development
131518,development
131519,development
131536,development
131540,development
131541,development
131542,development
131544,final_test
131548,development
131549,development
131550,development
131551,development
131554,development
131556,development
131557,development
131558,final_test
131560,development
131561,development
131565,final_test
131567,development
131568,development
131569,development
131571,development
131577,development
131584,development
131586,development
131588,development
131592,development
131593,development
131594,development
131597,final_test
131602,development
131605,development
131607,development
131610,final_test
131614,development
131615,development
131616,development
131619,development
131620,final_test
131625,final_test
131626,development
131628,final_test
131629,development
131630,development
131638,final_test
131639,development
131642,development
131643,development
131645,development
131646,development
131647,development
131648,development
131649,development
131650,development
131654,development
131656,development
131658,development
131664,development
131670,development
131671,development
131675,development
131676,development
131677,development
131679,final_test
131680,development
131681,development
131684,development
131689,development
131690,final_test
131691,development
131692,final_test
131694,development
131695,development
131697,development
131699,development
131700,development
131704,final_test
131708,development
131709,development
131710,development
131711,development
131713,development
131714,development
131715,development
131716,development
131721,final_test
131723,development
131725,final_test
131727,development
131728,final_test
131731,development
131738,development
131739,development
131741,final_test
131742,development
131745,final_test
131746,development
131752,development
131756,development
131759,development
131760,development
131762,development
131768,development
131769,final_test
131773,final_test
131775,development
131776,development
131782,development
131783,development
131785,development
131787,development
131788,development
131790,development
131791,development
131792,development
131796,development
131798,development
131799,development
131800,development
131803,development
131804,final_test
131805,final_test
131806,development
131807,development
131808,development
131812,development
131814,development
131816,final_test
131823,development
131824,final_test
131827,final_test
131833,final_test
131835,development
131841,final_test
131842,final_test
131844,development
131848,development
131849,final_test
131852,development
131855,development
131856,development
131860,final_test
131862,development
131867,development
131874,development
131875,development
131880,development
131884,development
131891,final_test
131902,development
131904,development
131905,development
131911,development
131916,development
131922,development
131923,development
131926,final_test
131928,final_test
131929,development
131936,development
131937,development
131938,development
131944,development
131945,development
131947,development
131948,development
131954,development
131955,development
131958,development
131962,development
131967,development
131974,development
131975,development
131976,development
131979,development
131985,development
131987,development
131991,development
131992,development
131997,development
131998,development
131999,development
132000,final_test
132001,development
132007,development
132008,development
132010,development
132011,development
132014,development
132017,development
132021,development
132028,development
132029,development
132032,development
132033,development
132036,development
132041,development
132045,development
132046,development
132053,final_test
132055,development
132056,development
132059,development
132062,final_test
132063,development
132064,development
132065,development
132067,development
132071,final_test
132072,development
132073,final_test
132074,development
132080,development
132085,development
132087,development
132088,final_test
132089,development
132092,development
132093,final_test
132097,development
132098,development
132099,development
132102,development
132105,development
132110,development
132112,final_test
132116,development
132121,development
132124,development
132125,final_test
132126,development
132127,development
132132,development
132134,final_test
132138,development
132141,development
132152,final_test
132159,development
132162,development
132165,development
132167,development
132168,development
132170,development
132171,development
132172,development
132177,development
132178,development
132180,development
132182,final_test
132185,final_test
132186,development
132188,development
132189,development
132194,development
132198,development
132201,development
132202,final_test
132206,development
132207,development
132215,development
132219,final_test
132220,final_test
132221,development
132222,development
132224,final_test
132226,development
132233,development
132236,final_test
132239,development
132245,final_test
132248,development
132250,development
132251,development
132256,development
132260,development
132262,final_test
132264,development
132267,development
132269,final_test
132272,development
132273,development
132277,final_test
132278,development
132280,development
132282,development
132284,final_test
132286,development
132291,development
132296,development
132297,development
132298,development
132302,final_test
132303,development
132304,development
132309,development
132310,development
132312,development
132316,development
132317,development
132318,development
132321,development
132325,development
132331,development
132336,development
132337,development
132340,development
132351,development
132352,final_test
132353,development
132356,development
132359,final_test
132363,development
132373,development
132375,development
132377,development
132382,development
132383,development
132386,final_test
132389,development
132391,development
132392,development
132397,development
132398,final_test
132399,development
132403,development
132406,development
132407,development
132408,development
132412,development
132416,development
132417,development
132418,development
132419,development
132421,development
132422,final_test
132425,development
132429,development
132432,development
132435,development
132440,final_test
132442,final_test
132444,development
132450,development
132451,development
132453,final_test
132456,development
132458,development
132461,development
132463,development
132467,development
132469,development
132472,final_test
132474,development
132476,final_test
132477,development
132486,development
132491,development
132499,development
132500,development
132505,final_test
132507,development
132508,development
132510,development
132513,development
132516,development
132518,development
132521,development
132524,final_test
132525,development
132526,development
132529,development
132533,development
132534,development
132538,final_test
132540,development
132547,final_test
132550,development
132552,development
132553,development
132554,development
132560,development
132564,final_test
132572,development
132573,development
132579,development
132583,final_test
132584,development
132586,final_test
132587,development
132591,development
132594,development
132597,final_test
132610,development
132612,development
132614,development
132618,development
132622,development
132623,development
132628,development
132631,final_test
132632,development
132633,final_test
132635,development
132638,development
132639,development
132641,development
132642,development
132645,development
132646,development
132647,final_test
132651,development
132655,development
132662,development
132666,development
132667,development
132669,development
132675,final_test
132678,development
132679,development
132684,final_test
132687,development
132690,final_test
132691,development
132692,development
132693,development
132694,development
132696,development
132699,final_test
132706,development
132707,final_test
132710,development
132711,final_test
132720,development
132723,development
132725,development
132727,final_test
132729,final_test
132733,final_test
132735,final_test
132738,development
132741,development
132745,development
132746,development
132748,development
132749,final_test
132750,development
132754,final_test
132756,development
132757,development
132758,development
132761,final_test
132762,final_test
132763,development
132771,development
132772,development
132782,final_test
132784,development
132785,final_test
132787,final_test
132793,development
132801,development
132802,development
132804,development
132805,development
132807,development
132808,development
132809,final_test
132810,development
132814,development
132815,development
132817,development
132818,development
132820,development
132825,development
132827,development
132829,development
132835,development
132838,development
132840,development
132850,development
132851,development
132855,development
132862,development
132864,final_test
132865,final_test
132868,development
132870,development
132872,development
132873,development
132875,development
132876,development
132878,final_test
132885,development
132891,final_test
132893,final_test
132895,development
132900,development
132908,development
132910,development
132911,development
132913,development
132914,development
132916,development
132920,development
132921,development
132924,development
132928,development
132929,development
132930,development
132931,development
132932,development
132934,development
132937,development
132941,development
132942,development
132945,final_test
132947,final_test
132950,development
132952,development
132956,final_test
132957,final_test
132959,final_test
132964,development
132965,development
132970,development
132971,development
132972,development
132977,development
132978,final_test
132979,development
132983,development
132985,development
132990,development
132991,development
132994,development
132995,development
132998,final_test
133001,development
133009,development
133013,development
133015,final_test
133019,development
133020,development
133022,development
133027,development
133028,development
133030,development
133031,development
133035,development
133040,development
133041,development
133042,development
133044,development
133048,development
133049,development
133051,final_test
133053,development
133055,final_test
133056,development
133057,development
133058,development
133059,final_test
133065,development
133066,development
133068,development
133069,development
133071,development
133074,development
133076,development
133077,development
133080,development
133082,development
133086,development
133089,development
133090,final_test
133091,development
133095,development
133098,development
133100,development
133104,development
133106,development
133109,development
133111,development
133112,development
133113,final_test
133114,development
133115,development
133116,final_test
133125,development
133127,development
133129,development
133131,final_test
133133,development
133134,development
133135,development
133139,development
133140,development
133143,development
133144,development
133147,development
133150,development
133151,development
133153,final_test
133156,final_test
133159,final_test
133160,development
133161,development
133169,development
133174,development
133177,final_test
133178,development
133179,development
133181,development
133182,development
133183,development
133184,final_test
133185,development
133188,development
133193,development
133194,development
133195,final_test
133198,development
133202,final_test
133206,development
133209,development
133215,development
133222,development
133223,final_test
133229,development
133231,development
133233,development
133235,development
133236,development
133238,final_test
133243,development
133246,development
133249,development
133250,development
133251,development
133255,development
133261,development
133262,final_test
133265,development
133271,development
133273,development
133277,development
133279,development
133283,development
133284,development
133287,final_test
133289,development
133291,development
133293,development
133298,final_test
133299,development
133300,development
133302,final_test
133305,development
133311,development
133314,development
133315,development
133317,development
133318,development
133320,development
133325,development
133326,final_test
133334,development
133338,final_test
133342,development
133343,development
133344,development
133348,development
133350,development
133352,development
133357,development
133358,development
133360,development
133366,development
133370,development
133373,development
133378,development
133379,development
133380,final_test
133386,development
133388,development
133389,development
133390,development
133396,development
133398,development
133400,development
133401,final_test
133402,final_test
133406,development
133413,final_test
133418,development
133421,development
133422,final_test
133425,development
133434,final_test
133438,development
133439,development
133440,development
133441,final_test
133448,development
133451,final_test
133453,development
133454,final_test
133457,development
133459,development
133461,development
133465,development
133470,development
133472,development
133474,final_test
133476,development
133479,development
133480,final_test
133481,development
133486,development
133489,development
133490,final_test
133492,development
133496,development
133506,development
133511,final_test
133515,final_test
133520,development
133524,final_test
133525,final_test
133529,development
133530,development
133531,development
133535,development
133536,final_test
133537,development
133539,final_test
133543,development
133544,development
133545,development
133547,final_test
133548,development
133550,development
133551,development
133554,development
133556,development
133559,final_test
133560,development
133563,development
133565,development
133566,final_test
133570,development
133576,final_test
133584,development
133588,development
133590,development
133593,final_test
133598,final_test
133600,final_test
133603,development
133613,development
133617,development
133621,final_test
133622,development
133627,development
133628,development
133630,development
133635,final_test
133637,development
133638,development
133640,development
133641,development
133642,development
133646,development
133648,development
133650,development
133657,development
133659,final_test
133680,final_test
133681,final_test
133683,development
133684,development
133688,development
133690,development
133692,development
133693,development
133694,development
133700,development
133703,final_test
133704,development
133706,development
133707,development
133712,development
133713,development
133715,development
133717,development
133718,development
133723,final_test
133725,development
133727,development
133730,development
133731,development
133733,development
133741,development
133748,development
133753,development
133760,development
133762,development
133764,development
133765,development
133766,development
133769,development
133772,development
133773,final_test
133774,development
133775,development
133776,development
133777,development
133778,development
133779,development
133780,development
133781,development
133782,final_test
133783,development
133786,development
133787,development
133791,development
133794,final_test
133796,development
133800,development
133801,development
133802,development
133806,development
133808,development
133810,development
133811,development
133821,development
133826,development
133831,final_test
133835,development
133836,development
133838,development
133839,development
133841,development
133843,development
133852,development
133856,development
133857,development
133858,development
133859,development
133861,development
133862,development
133865,development
133868,final_test
133870,final_test
133874,final_test
133875,final_test
133878,final_test
133883,final_test
133893,development
133894,development
133895,final_test
133909,final_test
133911,development
133912,development
133915,development
133916,development
133919,development
133923,development
133925,development
133930,development
133933,development
133934,development
133936,development
133937,development
133938,development
133945,development
133946,final_test
133954,final_test
133955,development
133956,development
133957,development
133969,development
133970,final_test
133971,development
133972,development
133976,final_test
133978,development
133984,development
133986,final_test
133992,development
133994,development
133995,development
133999,development
134002,development
134003,development
134022,development
134023,development
134024,development
134025,development
134029,development
134037,development
134040,development
134042,final_test
134045,final_test
134046,development
134047,development
134048,development
134051,final_test
134053,final_test
134054,development
134056,development
134064,development
134068,development
134072,development
134075,development
134080,development
134081,development
134082,development
134083,development
134084,development
134088,development
134091,development
134092,development
134093,final_test
134099,development
134106,development
134110,development
134113,development
134114,development
134119,development
134129,development
134134,final_test
134135,development
134142,development
134146,final_test
134147,final_test
134148,development
134149,development
134164,development
134165,final_test
134166,final_test
134168,development
134171,development
134172,development
134173,development
134176,development
134181,development
134182,final_test
134183,development
134184,development
134188,development
134193,development
134197,development
134198,development
134201,development
134203,development
134204,final_test
134206,development
134208,final_test
134209,development
134210,development
134215,development
134217,development
134222,development
134231,development
134234,development
134235,final_test
134237,development
134240,development
134241,development
134244,development
134250,development
134254,development
134255,development
134262,final_test
134264,development
134265,development
134266,development
134268,development
134272,development
134273,development
134280,development
134281,development
134282,development
134292,development
134296,development
134297,development
134298,final_test
134301,final_test
134302,development
134303,development
134304,final_test
134306,development
134307,development
134310,final_test
134311,development
134312,final_test
134314,development
134324,development
134327,development
134331,final_test
134332,development
134334,development
134340,development
134343,development
134345,development
134350,development
134353,development
134354,final_test
134359,final_test
134362,development
134366,development
134369,development
134373,development
134377,final_test
134379,development
134381,development
134383,development
134385,final_test
134388,final_test
134389,final_test
134392,development
134398,development
134400,development
134401,development
134404,development
134405,development
134406,development
134407,development
134409,development
134410,final_test
134411,development
134413,development
134414,final_test
134425,development
134427,development
134430,final_test
134435,development
134441,development
134443,development
134446,development
134452,development
134453,development
134454,development
134456,development
134462,development
134464,development
134466,development
134467,development
134468,development
134471,development
134472,development
134475,development
134477,development
134478,development
134482,development
134489,development
134490,development
134491,final_test
134493,development
134495,development
134496,development
134497,final_test
134501,development
134502,development
134503,development
134506,final_test
134507,development
134514,development
134517,development
134523,final_test
134529,development
134532,development
134533,development
134536,final_test
134541,final_test
134545,development
134551,development
134554,development
134555,development
134564,development
134566,development
134570,final_test
134571,development
134572,development
134574,final_test
134580,final_test
134581,final_test
134583,development
134585,development
134587,development
134590,development
134591,development
134594,development
134595,final_test
134598,final_test
134604,development
134606,development
134607,final_test
134612,final_test
134613,development
134615,final_test
134617,final_test
134626,development
134630,final_test
134633,final_test
134634,final_test
134635,development
134637,final_test
134645,development
134646,development
134651,development
134656,development
134660,development
134665,final_test
134666,development
134668,development
134671,development
134672,final_test
134675,final_test
134676,development
134683,development
134685,final_test
134691,development
134695,development
134696,development
134703,development
134704,development
134708,development
134711,development
134712,development
134713,development
134715,development
134716,development
134717,final_test
134721,final_test
134723,development
134727,development
134729,development
134730,final_test
134732,final_test
134734,development
134742,development
134744,development
134745,final_test
134746,development
134748,development
134751,development
134756,final_test
134757,development
134759,final_test
134760,development
134765,development
134769,development
134781,development
134788,final_test
134791,development
134793,final_test
134802,development
134804,development
134813,development
134817,development
134821,development
134824,development
134826,development
134827,development
134828,development
134831,final_test
134836,development
134839,development
134850,development
134851,development
134856,final_test
134857,development
134858,development
134864,final_test
134870,final_test
134874,development
134877,development
134878,final_test
134883,final_test
134886,development
134889,final_test
134891,development
134894,development
134896,final_test
134897,final_test
134899,development
134902,development
134906,development
134910,development
134916,development
134917,development
134919,development
134923,final_test
134926,development
134928,development
134929,development
134935,development
134940,development
134942,development
134944,final_test
134946,final_test
134947,development
134962,development
134965,development
134966,development
134967,development
134969,development
134970,development
134978,development
134979,final_test
134980,development
134982,final_test
134987,development
134989,development
134990,final_test
134991,development
134992,final_test
134995,development
134998,development
135010,development
135013,development
135016,development
135020,development
135021,development
135023,development
135024,final_test
135025,development
135028,development
135032,development
135035,development
135036,development
135037,development
135039,development
135040,final_test
135042,development
135047,final_test
135048,development
135052,development
135053,development
135057,development
135064,development
135065,development
135066,development
135071,development
135072,development
135074,final_test
135077,development
135087,development
135092,development
135093,final_test
135094,development
135095,development
135098,development
135100,development
135101,development
135103,development
135108,development
135110,development
135111,final_test
135112,development
135116,final_test
135117,development
135119,development
135126,development
135132,development
135134,development
135137,development
135141,development
135144,final_test
135146,development
135149,development
135150,final_test
135152,development
135153,development
135155,development
135159,development
135161,development
135170,development
135172,development
135173,development
135174,development
135176,final_test
135183,development
135184,development
135185,development
135188,final_test
135192,development
135194,final_test
135195,development
135196,final_test
135197,development
135198,development
135200,development
135201,final_test
135203,development
135207,development
135210,development
135213,development
135217,development
135218,final_test
135219,development
135220,development
135222,development
135227,development
135236,development
135238,development
135239,development
135241,final_test
135244,development
135245,development
135248,development
135249,development
135250,development
135251,development
135255,development
135262,development
135270,development
135275,development
135281,development
135287,development
135291,development
135292,development
135295,development
135299,final_test
135300,development
135305,development
135306,final_test
135308,development
135312,development
135314,development
135316,development
135317,development
135318,development
135321,development
135324,development
135325,final_test
135332,development
135336,development
135339,development
135344,development
135348,development
135350,development
135351,development
135353,development
135364,development
135366,development
135369,development
135372,development
135375,development
135376,development
135381,development
135382,development
135384,final_test
135388,development
135389,final_test
135390,development
135392,development
135395,development
135399,development
135401,development
135405,final_test
135409,development
135411,development
135414,development
135419,development
135422,development
135423,development
135425,development
135427,development
135432,development
135437,development
135439,final_test
135441,development
135445,final_test
135447,development
135452,final_test
135453,final_test
135454,development
135459,final_test
135460,development
135466,development
135467,development
135469,development
135470,development
135473,final_test
135476,final_test
135477,development
135479,development
135484,development
135485,development
135496,final_test
135498,development
135500,development
135502,development
135503,development
135505,development
135508,development
135512,development
135516,final_test
135517,development
135522,development
135528,development
135529,development
135530,final_test
135533,development
135535,final_test
135537,development
135539,development
135540,development
135541,development
135542,development
135545,development
135546,development
135548,development
135550,development
135551,development
135552,development
135556,development
135560,development
135561,final_test
135564,final_test
135571,development
135573,development
135583,development
135586,development
135589,development
135593,development
135597,development
135599,development
135602,final_test
135603,final_test
135609,development
135615,final_test
135616,development
135619,development
135621,development
135622,final_test
135631,development
135633,final_test
135634,final_test
135637,development
135638,final_test
135639,development
135640,development
135641,development
135644,development
135645,development
135646,final_test
135653,development
135654,development
135663,final_test
135669,development
135671,development
135674,development
135675,development
135678,final_test
135680,development
135682,development
135687,development
135692,development
135693,development
135694,final_test
135695,development
135699,development
135700,development
135702,development
135704,development
135706,development
135709,development
135711,final_test
135712,final_test
135719,development
135724,development
135726,development
135730,final_test
135733,final_test
135738,final_test
135740,final_test
135741,development
135743,development
135747,development
135749,development
135753,final_test
135761,development
135766,final_test
135768,development
135770,development
135787,development
135790,final_test
135792,development
135794,development
135798,development
135801,development
135804,development
135806,development
135807,development
135808,final_test
135809,development
135811,development
135821,development
135822,development
135830,development
135832,development
135834,development
135839,development
135841,development
135844,development
135846,development
135848,development
135849,development
135851,development
135853,development
135855,development
135858,development
135865,development
135867,development
135868,development
135876,final_test
135877,development
135881,development
135882,development
135885,development
135886,development
135888,development
135890,development
135891,development
135893,final_test
135895,final_test
135902,development
135906,development
135908,final_test
135914,development
135916,development
135919,development
135927,final_test
135930,final_test
135937,development
135938,development
135940,development
135941,development
135943,development
135945,development
135946,development
135952,final_test
135957,development
135959,development
135960,development
135961,final_test
135964,final_test
135966,development
135969,development
135972,development
135973,development
135980,final_test
135982,development
135983,development
135985,development
135987,development
135988,final_test
135991,development
135992,development
135993,development
135997,development
135998,development
136000,development
136001,development
136002,development
136004,development
136013,development
136014,development
136018,development
136025,final_test
136034,final_test
136036,development
136042,development
136045,development
136047,final_test
136050,final_test
136051,development
136052,final_test
136053,development
136054,development
136058,development
136059,development
136060,development
136062,final_test
136063,final_test
136064,final_test
136073,development
136079,final_test
136084,development
136087,development
136089,final_test
136093,development
136094,development
136095,development
136097,development
136101,development
136106,final_test
136107,development
136111,final_test
136114,development
136115,development
136116,development
136118,development
136120,development
136124,development
136125,development
136127,final_test
136130,development
136132,development
136133,development
136139,development
136141,development
136142,development
136144,development
136148,development
136152,development
136161,development
136176,development
136186,development
136188,development
136189,development
136190,development
136191,development
136192,development
136194,development
136198,development
136201,development
136205,development
136210,development
136211,development
136220,development
136222,final_test
136223,development
136225,final_test
136227,development
136240,development
136241,final_test
136243,final_test
136244,development
136249,development
136252,development
136254,development
136255,development
136256,final_test
136257,development
136260,development
136261,final_test
136266,development
136267,development
136268,development
136271,development
136274,development
136278,development
136279,development
136281,final_test
136283,final_test
136287,development
136291,development
136293,development
136296,development
136298,final_test
136299,development
136301,development
136305,development
136306,final_test
136307,development
136308,development
136310,development
136312,development
136315,final_test
136318,development
136320,final_test
136323,development
136328,final_test
136330,final_test
136333,development
136334,development
136336,development
136337,development
136341,development
136345,final_test
136346,development
136352,final_test
136353,development
136354,development
136360,development
136361,development
136364,development
136365,development
136366,development
136369,development
136370,development
136373,development
136378,development
136384,development
136389,development
136392,development
136397,development
136401,development
136402,development
136407,development
136408,final_test
136409,development
136412,development
136417,development
136419,development
136421,final_test
136422,development
136424,development
136426,development
136429,development
136430,final_test
136434,final_test
136435,development
136439,development
136442,final_test
136444,final_test
136445,final_test
136448,development
136449,development
136452,final_test
136453,development
136455,development
136457,development
136458,development
136460,final_test
136461,development
136462,development
136466,development
136467,development
136468,final_test
136473,final_test
136474,development
136477,development
136489,development
136490,development
136492,development
136496,development
136499,development
136502,development
136509,development
136510,development
136512,development
136521,development
136522,development
136527,development
136528,development
136530,final_test
136534,development
136535,final_test
136536,development
136537,final_test
136539,final_test
136540,development
136541,development
136542,development
136546,development
136549,development
136553,development
136556,development
136561,development
136562,development
136568,development
136571,development
136572,development
136573,final_test
136577,final_test
136579,development
136582,final_test
136584,final_test
136586,final_test
136588,final_test
136589,development
136591,development
136592,development
136596,final_test
136601,final_test
136603,development
136605,final_test
136608,final_test
136609,development
136610,final_test
136616,development
136625,development
136626,final_test
136628,development
136631,development
136634,development
136636,development
136637,development
136638,development
136641,final_test
136642,development
136643,development
136645,final_test
136647,development
136649,final_test
136650,final_test
136652,development
136655,development
136657,final_test
136660,development
136663,development
136667,development
136668,development
136673,development
136675,development
136679,development
136682,final_test
136685,final_test
136688,development
136692,final_test
136696,development
136697,development
136698,development
136701,development
136703,development
136705,development
136709,development
136714,final_test
136720,development
136723,development
136728,development
136731,development
136733,final_test
136734,development
136735,development
136736,final_test
136739,development
136740,development
136744,development
136745,development
136747,development
136748,development
136750,final_test
136752,development
136753,development
136755,development
136757,development
136758,development
136760,final_test
136762,development
136770,development
136774,development
136781,development
136783,development
136788,development
136791,development
136794,development
136797,development
136799,final_test
136800,final_test
136801,development
136802,development
136803,development
136812,development
136817,development
136818,development
136821,development
136826,development
136827,final_test
136828,development
136837,development
136838,development
136840,development
136848,development
136850,development
136854,development
136855,development
136859,final_test
136864,development
136866,development
136872,development
136874,development
136883,development
136887,development
136888,development
136891,final_test
136898,development
136906,development
136910,development
136911,development
136917,development
136918,development
136921,final_test
136922,final_test
136927,final_test
136929,development
136930,development
136939,development
136942,development
136943,development
136947,development
136950,development
136951,development
136953,development
136954,development
136956,development
136959,development
136963,final_test
136968,development
136969,development
136972,final_test
136973,development
136975,development
136976,development
136977,final_test
136978,development
136980,development
136982,development
136984,development
136987,development
136990,development
136993,development
136994,development
136997,development
136998,development
137005,development
137008,development
137010,development
137011,final_test
137017,final_test
137022,development
137026,final_test
137027,development
137031,development
137039,final_test
137045,development
137046,final_test
137048,development
137051,development
137052,development
137057,development
137059,development
137065,development
137066,final_test
137068,development
137069,final_test
137076,development
137077,development
137083,development
137084,development
137090,final_test
137091,development
137100,final_test
137102,development
137106,development
137110,development
137113,final_test
137123,development
137125,development
137126,development
137133,final_test
137136,development
137137,development
137139,development
137140,development
137142,final_test
137146,development
137149,development
137153,development
137157,development
137158,final_test
137160,development
137170,final_test
137175,final_test
137176,development
137177,development
137179,final_test
137180,development
137184,final_test
137191,development
137192,final_test
137193,development
137194,development
137198,development
137200,final_test
137202,final_test
137203,final_test
137208,development
137212,development
137213,development
137214,development
137218,development
137220,development
137224,final_test
137232,development
137237,development
137240,development
137241,development
137246,development
137249,development
137250,development
137251,development
137252,development
137253,development
137255,development
137256,final_test
137261,development
137264,final_test
137268,development
137270,development
137271,development
137272,development
137273,final_test
137276,development
137279,development
137280,development
137283,development
137284,development
137288,development
137293,development
137295,development
137299,final_test
137300,development
137301,development
137302,development
137303,development
137304,development
137305,final_test
137306,development
137308,development
137309,development
137311,development
137314,development
137316,development
137318,development
137319,final_test
137323,development
137325,development
137329,final_test
137331,development
137333,development
137335,development
137337,development
137339,development
137344,development
137345,development
137348,development
137351,development
137355,development
137366,final_test
137374,development
137375,development
137378,development
137381,development
137383,development
137386,development
137387,development
137395,development
137396,development
137400,final_test
137401,development
137403,development
137408,final_test
137409,development
137410,development
137411,development
137412,final_test
137414,development
137415,development
137417,development
137419,development
137424,development
137428,development
137429,final_test
137432,development
137439,final_test
137443,development
137446,development
137448,final_test
137451,development
137453,development
137464,development
137468,development
137472,final_test
137473,development
137476,development
137477,development
137480,development
137482,final_test
137483,development
137488,development
137489,final_test
137493,development
137495,development
137497,development
137499,development
137500,development
137501,development
137504,development
137508,development
137509,development
137510,development
137517,development
137518,development
137519,development
137520,development
137523,development
137530,development
137531,development
137532,development
137534,development
137537,development
137541,development
137544,development
137548,final_test
137550,development
137559,development
137564,development
137566,development
137567,final_test
137568,development
137569,development
137571,development
137573,development
137575,development
137579,development
137580,development
137581,development
137582,final_test
137583,final_test
137585,development
137590,development
137592,development
137593,development
137595,development
137597,development
137598,development
137602,development
137612,final_test
137613,development
137614,development
137615,development
137617,development
137625,development
137626,development
137629,development
137632,development
137635,development
137643,development
137644,development
137649,development
137650,development
137652,development
137653,development
137654,development
137655,development
137657,development
137659,development
137663,development
137664,development
137667,development
137670,development
137675,development
137676,final_test
137680,development
137683,development
137696,final_test
137698,development
137700,final_test
137702,final_test
137703,final_test
137705,final_test
137706,development
137711,development
137713,development
137718,development
137721,development
137722,development
137723,development
137725,development
137729,development
137730,development
137737,development
137738,development
137740,final_test
137745,development
137748,development
137749,development
137752,development
137756,development
137757,development
137760,final_test
137761,development
137765,development
137767,development
137768,development
137771,development
137774,development
137777,development
137781,development
137784,development
137787,final_test
137788,development
137789,final_test
137791,development
137793,development
137794,development
137799,development
137800,final_test
137803,development
137804,final_test
137808,development
137809,development
137812,development
137814,development
137815,development
137816,development
137818,development
137822,final_test
137826,development
137829,development
137831,development
137834,development
137835,development
137838,development
137841,development
137843,final_test
137845,development
137848,final_test
137849,development
137850,development
137851,development
137856,development
137862,development
137865,development
137869,development
137870,final_test
137871,development
137873,development
137876,development
137877,development
137879,development
137881,development
137882,development
137884,development
137885,development
137886,development
137888,final_test
137890,development
137891,development
137892,development
137893,development
137894,development
137895,development
137901,development
137903,development
137905,development
137906,development
137909,development
137910,development
137911,final_test
137914,development
137926,development
137928,development
137932,final_test
137936,development
137939,development
137942,development
137943,development
137947,development
137948,development
137949,development
137950,development
137953,development
137955,final_test
137963,final_test
137965,development
137967,development
137970,final_test
137972,development
137974,development
137976,development
137979,development
137985,development
137988,development
137989,final_test
137990,development
137992,final_test
137996,development
137999,development
138000,development
138005,development
138009,development
138012,development
138015,development
138016,development
138017,development
138021,final_test
138022,development
138027,development
138028,development
138031,development
138034,development
138037,development
138038,final_test
138040,final_test
138044,development
138046,development
138048,development
138049,final_test
138050,final_test
138051,development
138053,development
138054,development
138063,development
138064,final_test
138073,development
138078,final_test
138080,development
138081,development
138083,development
138084,development
138086,development
138089,final_test
138090,development
138094,final_test
138100,development
138102,development
138104,development
138106,development
138111,development
138114,development
138116,final_test
138117,development
138119,development
138122,final_test
138124,development
138132,development
138136,development
138137,final_test
138138,development
138140,development
138146,development
138147,development
138150,development
138152,development
138153,development
138154,development
138156,development
138158,development
138159,development
138163,development
138166,development
138167,development
138171,development
138175,development
138177,final_test
138180,development
138181,development
138184,final_test
138185,development
138191,development
138192,development
138194,development
138195,development
138196,final_test
138197,development
138198,development
138204,final_test
138205,final_test
138207,development
138209,development
138211,development
138214,development
138218,development
138220,development
138221,development
138232,development
138234,final_test
138236,development
138240,development
138241,development
138244,development
138247,development
138249,development
138250,development
138253,development
138258,final_test
138262,development
138263,development
138271,development
138283,development
138285,development
138286,development
138288,development
138290,development
138291,development
138292,development
138300,development
138301,final_test
138302,development
138305,final_test
138308,development
138315,development
138316,development
138323,final_test
138324,development
138327,final_test
138330,development
138331,final_test
138337,development
138341,development
138345,final_test
138350,final_test
138352,development
138356,development
138357,development
138359,development
138364,development
138367,development
138368,final_test
138369,development
138372,development
138376,development
138377,development
138379,final_test
138384,development
138390,development
138395,development
138398,development
138399,final_test
138400,final_test
138402,development
138405,development
138408,development
138409,development
138413,development
138414,development
138415,development
138416,development
138418,final_test
138421,development
138425,development
138426,development
138439,development
138440,development
138444,development
138447,development
138449,development
138450,final_test
138451,development
138458,development
138465,development
138466,development
138467,development
138468,final_test
138469,development
138474,development
138476,development
138480,development
138483,development
138485,development
138486,development
138490,development
138497,final_test
138498,development
138501,development
138502,development
138520,development
138521,development
138527,final_test
138532,final_test
138533,final_test
138535,final_test
138536,development
138542,development
138543,development
138548,development
138550,final_test
138556,development
138565,development
138567,development
138571,final_test
138573,development
138578,development
138586,development
138596,development
138600,development
138601,development
138602,development
138606,final_test
138609,development
138610,final_test
138611,development
138613,development
138617,development
138618,development
138625,final_test
138629,development
138631,development
138633,development
138636,development
138637,development
138639,development
138641,final_test
138647,development
138658,development
138659,development
138660,development
138668,development
138671,development
138673,development
138674,final_test
138679,development
138680,development
138681,development
138689,development
138690,development
138697,final_test
138703,development
138711,development
138712,development
138714,final_test
138717,development
138718,development
138719,final_test
138720,development
138722,final_test
138723,development
138724,development
138725,development
138727,development
138728,development
138730,development
138732,development
138736,development
138738,development
138739,development
138740,development
138743,development
138744,development
138745,development
138748,development
138749,development
138750,development
138751,development
138752,development
138756,development
138757,final_test
138761,development
138762,final_test
138763,development
138765,development
138774,development
138775,development
138781,development
138791,development
138793,development
138794,development
138804,development
138805,development
138806,final_test
138808,development
138809,final_test
138811,development
138812,development
138814,development
138816,development
138818,final_test
138825,development
138830,development
138832,development
138839,development
138841,development
138845,development
138846,development
138847,development
138852,development
138853,development
138854,final_test
138856,development
138858,development
138859,development
138868,development
138871,development
138872,development
138873,final_test
138875,final_test
138877,development
138878,development
138879,development
138882,development
138883,development
138888,development
138889,development
138890,development
138893,development
138894,development
138895,development
138896,development
138897,development
138902,development
138907,development
138910,development
138916,development
138918,final_test
138921,development
138928,development
138929,development
138931,development
138937,development
138940,development
138941,development
138942,development
138943,final_test
138945,final_test
138946,development
138947,development
138949,development
138950,final_test
138953,development
138956,development
138959,development
138960,development
138963,development
138964,final_test
138965,development
138969,development
138971,development
138973,development
138978,development
138983,development
138996,final_test
138998,development
139001,development
139003,development
139004,development
139009,development
139010,development
139011,development
139013,development
139014,final_test
139016,development
139018,final_test
139019,final_test
139024,development
139036,development
139037,development
139042,development
139046,final_test
139048,development
139049,development
139061,development
139062,development
139066,development
139067,development
139072,development
139074,final_test
139076,development
139078,development
139079,development
139081,development
139082,development
139093,development
139096,development
139097,development
139100,final_test
139104,development
139111,development
139115,development
139118,development
139119,development
139120,development
139121,development
139122,development
139124,development
139125,development
139126,final_test
139128,development
139129,development
139130,development
139132,development
139133,development
139136,development
139138,development
139139,development
139140,development
139145,development
139148,development
139150,development
139156,final_test
139157,development
139158,final_test
139160,development
139162,development
139171,development
139172,development
139174,development
139179,development
139180,development
139181,final_test
139182,development
139184,development
139188,development
139194,development
139195,development
139197,development
139208,development
139209,development
139211,development
139213,development
139221,development
139223,development
139224,development
139225,development
139227,development
139229,development
139232,final_test
139234,development
139235,development
139236,development
139237,final_test
139244,final_test
139246,development
139249,final_test
139252,development
139259,development
139260,final_test
139264,development
139266,final_test
139268,development
139270,final_test
139274,development
139285,development
139287,development
139292,development
139300,development
139301,development
139303,development
139304,development
139309,development
139314,development
139315,development
139317,development
139319,development
139321,development
139322,development
139323,development
139326,development
139329,development
139331,development
139332,development
139336,development
139337,development
139338,development
139339,development
139343,development
139346,development
139351,development
139352,development
139356,development
139366,development
139370,development
139373,development
139374,development
139376,development
139383,development
139387,development
139388,development
139401,development
139416,development
139418,development
139420,final_test
139421,development
139423,development
139424,development
139425,development
139437,development
139438,final_test
139443,development
139446,final_test
139447,final_test
139450,development
139458,final_test
139459,development
139461,development
139462,development
139464,development
139465,development
139467,development
139470,development
139473,development
139479,development
139483,development
139488,development
139489,development
139491,development
139493,development
139494,development
139495,final_test
139502,final_test
139504,development
139508,development
139509,development
139510,development
139514,final_test
139515,final_test
139520,final_test
139522,development
139523,development
139524,development
139525,development
139526,final_test
139527,development
139529,final_test
139530,final_test
139533,final_test
139537,development
139539,development
139543,development
139546,development
139551,development
139553,development
139559,development
139561,development
139565,development
139568,development
139570,development
139571,development
139574,development
139579,development
139584,development
139585,development
139586,development
139587,development
139589,final_test
139593,development
139595,development
139596,development
139597,development
139601,development
139603,development
139604,development
139605,development
139608,development
139609,development
139610,final_test
139613,development
139616,development
139619,development
139621,development
139623,development
139626,final_test
139630,development
139636,development
139638,development
139640,development
139648,final_test
139650,development
139651,development
139655,final_test
139657,final_test
139658,development
139660,development
139663,development
139665,development
139667,development
139674,development
139678,final_test
139679,development
139680,development
139686,development
139689,development
139691,final_test
139693,development
139698,final_test
139699,development
139705,development
139706,development
139707,development
139717,development
139720,development
139723,development
139725,final_test
139728,development
139735,development
139737,development
139743,development
139745,development
139752,development
139753,development
139754,development
139760,final_test
139764,development
139774,development
139775,final_test
139776,final_test
139777,development
139780,final_test
139782,final_test
139786,development
139789,development
139793,development
139795,development
139796,development
139802,development
139814,development
139816,final_test
139819,development
139820,development
139825,development
139829,development
139830,development
139833,development
139840,development
139843,final_test
139844,development
139846,final_test
139849,development
139851,development
139854,development
139856,development
139857,development
139859,final_test
139861,development
139865,final_test
139868,development
139871,development
139874,development
139879,development
139881,development
139886,development
139888,development
139889,development
139890,development
139897,development
139898,final_test
139900,development
139901,development
139907,final_test
139915,development
139916,final_test
139917,final_test
139918,development
139920,development
139921,development
139922,development
139926,development
139931,development
139934,final_test
139935,final_test
139936,development
139937,final_test
139939,development
139941,development
139942,development
139944,final_test
139951,final_test
139964,development
139967,development
139969,development
139972,final_test
139978,development
139982,development
139983,development
139984,development
139987,development
139996,development
139997,development
139998,development
140000,development
140001,development
140006,development
140011,development
140014,development
140015,development
140016,development
140019,development
140020,development
140022,development
140025,development
140028,development
140032,development
140034,development
140038,development
140040,development
140041,development
140042,development
140043,development
140045,development
140054,final_test
140059,development
140069,development
140071,development
140072,final_test
140078,development
140081,development
140082,development
140088,development
140090,final_test
140091,development
140092,final_test
140094,development
140096,development
140097,development
140101,development
140104,development
140111,development
140112,development
140117,final_test
140118,development
140119,final_test
140121,development
140122,development
140127,final_test
140129,final_test
140130,development
140132,development
140133,development
140135,final_test
140137,final_test
140145,development
140148,development
140149,development
140152,development
140153,development
140155,development
140161,final_test
140163,development
140165,development
140166,development
140169,development
140172,development
140173,development
140175,development
140176,development
140179,development
140180,development
140184,development
140187,final_test
140189,final_test
140194,development
140200,development
140215,development
140218,development
140219,development
140224,final_test
140226,development
140230,development
140237,development
140238,development
140239,development
140243,development
140244,development
140246,development
140248,development
140249,development
140254,development
140262,development
140265,development
140266,development
140269,final_test
140272,development
140276,development
140280,development
140281,development
140282,development
140283,development
140285,development
140286,development
140288,development
140291,development
140298,final_test
140299,final_test
140303,development
140304,development
140311,development
140313,development
140315,final_test
140316,development
140317,development
140320,development
140322,development
140327,development
140330,development
140333,development
140341,development
140346,development
140347,development
140352,final_test
140353,development
140354,development
140357,development
140360,development
140362,final_test
140364,development
140369,development
140371,development
140379,development
140381,final_test
140382,final_test
140385,development
140386,development
140387,development
140390,final_test
140392,development
140398,development
140400,development
140403,final_test
140404,development
140405,final_test
140406,development
140408,development
140409,development
140412,final_test
140417,development
140418,final_test
140420,development
140422,development
140424,development
140426,development
140428,development
140430,final_test
140433,development
140435,final_test
140436,development
140437,development
140444,development
140449,development
140451,development
140455,development
140458,final_test
140466,development
140467,development
140470,development
140471,development
140475,final_test
140476,development
140477,development
140478,development
140480,development
140482,final_test
140485,development
140490,final_test
140492,development
140494,development
140495,development
140499,development
140505,development
140507,development
140508,development
140512,development
140514,development
140518,development
140521,development
140523,development
140524,development
140525,final_test
140527,development
140530,development
140533,final_test
140539,development
140540,final_test
140541,final_test
140543,final_test
140547,final_test
140548,final_test
140550,development
140554,development
140556,development
140558,development
140559,development
140561,development
140562,development
140566,development
140568,final_test
140571,development
140576,development
140578,final_test
140579,development
140582,final_test
140583,development
140584,development
140586,development
140589,development
140592,final_test
140595,development
140609,development
140611,development
140613,development
140615,development
140616,development
140618,development
140621,development
140625,development
140626,development
140627,development
140629,development
140630,development
140631,development
140633,final_test
140635,final_test
140636,final_test
140637,development
140639,final_test
140640,development
140641,development
140644,final_test
140648,development
140658,final_test
140663,final_test
140664,development
140666,development
140667,development
140672,final_test
140673,final_test
140680,development
140682,development
140683,development
140684,development
140686,development
140689,development
140692,development
140694,development
140697,development
140698,development
140699,final_test
140702,development
140709,development
140710,development
140711,development
140718,development
140720,development
140724,development
140726,development
140727,final_test
140728,development
140729,development
140730,development
140731,development
140735,development
140740,final_test
140742,final_test
140753,development
140754,final_test
140757,development
140758,final_test
140760,development
140761,development
140762,development
140771,development
140773,development
140775,development
140783,final_test
140786,development
140787,development
140788,development
140790,final_test
140794,development
140797,final_test
140801,development
140803,development
140804,final_test
140805,development
140807,development
140813,development
140815,development
140817,development
140821,development
140823,development
140824,final_test
140827,development
140829,development
140831,development
140832,development
140833,development
140834,final_test
140836,development
140838,development
140844,development
140850,development
140851,development
140853,development
140854,development
140855,development
140856,development
140858,development
140862,development
140864,development
140865,development
140867,development
140870,development
140871,development
140873,development
140876,development
140878,development
140879,development
140884,development
140887,development
140888,development
140892,development
140893,development
140894,final_test
140895,development
140897,development
140898,development
140902,development
140905,development
140906,development
140907,development
140909,final_test
140910,development
140912,development
140913,development
140915,development
140919,final_test
140920,development
140924,development
140925,development
140928,development
140930,development
140931,development
140941,development
140942,final_test
140945,development
140946,development
140947,development
140948,development
140950,development
140953,development
140956,final_test
140960,development
140961,development
140964,development
140970,development
140975,development
140985,development
140986,final_test
140989,development
140995,development
140997,development
141001,final_test
141006,development
141008,development
141011,development
141012,development
141014,development
141015,final_test
141021,development
141024,final_test
141025,development
141027,development
141030,development
141031,development
141032,development
141033,development
141037,development
141040,development
141041,development
141048,development
141049,final_test
141050,development
141051,development
141053,final_test
141058,development
141060,final_test
141061,development
141062,final_test
141065,development
141066,development
141069,final_test
141070,development
141071,development
141072,development
141075,development
141077,development
141081,development
141093,development
141095,development
141096,development
141100,final_test
141101,development
141113,development
141115,development
141116,final_test
141117,final_test
141120,development
141121,development
141122,development
141127,development
141129,development
141130,development
141131,development
141133,final_test
141136,final_test
141139,development
141141,development
141144,development
141145,final_test
141146,development
141148,development
141150,final_test
141151,development
141159,development
141163,development
141165,development
141166,development
141167,final_test
141168,development
141169,development
141172,development
141176,development
141177,development
141178,development
141179,development
141180,development
141182,final_test
141183,development
141187,development
141189,development
141194,development
141205,development
141208,development
141213,development
141214,development
141221,final_test
141223,development
141224,development
141230,final_test
141234,development
141236,development
141240,development
141244,development
141246,development
141249,final_test
141250,development
141251,development
141253,development
141260,development
141261,development
141262,development
141263,development
141269,development
141270,development
141271,development
141272,development
141273,development
141274,development
141276,development
141283,development
141285,development
141287,development
141289,development
141290,development
141291,development
141293,development
141294,development
141295,development
141296,development
141297,development
141300,development
141302,development
141306,development
141307,development
141309,development
141311,development
141319,final_test
141323,development
141324,development
141325,development
141328,development
141329,development
141330,development
141335,development
141337,development
141339,final_test
141345,development
141347,development
141353,final_test
141354,development
141358,development
141362,development
141365,development
141368,development
141372,development
141374,final_test
141375,development
141378,development
141379,final_test
141383,development
141385,development
141386,development
141387,development
141389,final_test
141393,development
141396,development
141397,development
141399,final_test
141401,development
141403,development
141405,development
141407,development
141408,development
141413,final_test
141415,development
141417,development
141418,development
141420,development
141424,final_test
141426,final_test
141428,development
141435,development
141441,final_test
141442,development
141444,development
141445,final_test
141446,development
141447,final_test
141450,final_test
141454,development
141462,final_test
141465,development
141467,final_test
141468,development
141469,development
141476,final_test
141477,development
141478,development
141482,development
141483,development
141484,development
141488,development
141489,development
141496,development
141497,development
141499,development
141502,development
141505,development
141508,development
141510,final_test
141511,development
141515,development
141525,development
141528,development
141532,development
141535,development
141547,development
141549,development
141550,development
141555,development
141557,final_test
141558,development
141568,development
141574,final_test
141575,final_test
141578,final_test
141579,development
141580,development
141581,development
141583,development
141585,development
141589,development
141590,development
141591,final_test
141592,development
141594,development
141595,development
141596,development
141597,development
141600,final_test
141602,development
141612,final_test
141614,development
141615,final_test
141617,development
141621,final_test
141625,development
141626,development
141634,development
141641,development
141648,development
141655,development
141660,development
141669,final_test
141673,development
141675,development
141676,development
141678,final_test
141680,final_test
141681,development
141684,development
141703,development
141713,development
141714,final_test
141719,final_test
141721,development
141722,final_test
141728,development
141732,development
141734,development
141735,final_test
141736,development
141737,development
141741,final_test
141742,development
141745,development
141746,development
141750,development
141757,development
141762,final_test
141765,development
141768,final_test
141769,development
141770,development
141771,final_test
141772,development
141773,final_test
141777,development
141783,development
141790,final_test
141793,development
141795,development
141796,development
141801,development
141802,final_test
141803,final_test
141811,development
141812,development
141813,development
141818,development
141819,development
141821,final_test
141825,development
141827,final_test
141834,development
141842,final_test
141843,development
141844,development
141846,development
141847,development
141850,final_test
141851,development
141856,development
141860,development
141862,development
141866,development
141869,development
141871,development
141872,final_test
141873,development
141878,development
141884,development
141885,development
141886,development
141889,development
141894,development
141896,development
141901,development
141902,development
141903,development
141908,development
141910,final_test
141914,development
141915,development
141916,development
141918,development
141921,final_test
141922,development
141924,development
141928,final_test
141932,development
141933,final_test
141934,development
141938,development
141941,development
141944,development
141951,development
141952,final_test
141957,development
141958,development
141960,development
141961,final_test
141963,final_test
141966,development
141969,development
141974,development
141975,final_test
141976,final_test
141980,development
141981,development
141984,development
141987,final_test
141992,development
141993,development
141994,development
141999,development
142007,final_test
142011,final_test
142016,final_test
142019,development
142021,development
142024,development
142030,development
142032,development
142033,development
142036,development
142037,development
142038,final_test
142039,final_test
142042,development
142047,development
142048,final_test
142050,development
142051,development
142056,development
142057,final_test
142058,development
142060,final_test
142063,development
142067,development
142068,development
142074,development
142080,development
142085,development
142088,development
142091,development
142106,development
142107,final_test
142112,development
142115,final_test
142117,final_test
142119,development
142122,development
142129,development
142132,development
142143,final_test
142145,development
142148,development
142151,development
142169,development
142171,final_test
142172,development
142176,development
142177,development
142178,development
142179,final_test
142185,final_test
142186,development
142189,development
142191,development
142196,final_test
142198,development
142200,development
142203,development
142206,development
142208,development
142211,development
142213,final_test
142214,development
142216,development
142218,final_test
142219,final_test
142221,development
142232,development
142233,final_test
142236,development
142239,development
142242,development
142245,development
142247,development
142252,development
142253,development
142255,development
142259,development
142263,development
142264,final_test
142266,development
142267,development
142268,development
142278,development
142279,development
142280,development
142283,development
142287,final_test
142288,development
142289,development
142290,development
142293,development
142295,development
142300,development
142302,development
142309,development
142310,development
